url_length,has_ip_address,has_at_symbol,num_dots,num_hyphens,num_subdomains,is_https,has_port,url_depth,has_double_slash_redirect,domain_length,has_suspicious_keywords,path_length,query_length,num_special_chars,tld_in_path,domain_age_days,is_shortened_url,num_digits_in_domain,has_valid_ssl,Result
43,0,0,1,0,0,0,0,1,0,11,0,8,16,2,0,-1,0,0,0,1
60,0,0,2,5,1,0,0,2,0,46,0,7,0,0,0,-1,0,0,0,1
63,0,0,2,0,0,0,0,3,0,20,1,36,0,0,0,-1,0,1,0,1
29,0,0,1,0,0,0,0,1,0,21,0,1,0,0,0,-1,0,0,0,0
54,0,0,3,0,1,0,0,3,0,18,0,25,3,2,0,-1,0,0,0,1
44,0,0,2,0,1,0,0,1,0,36,0,1,0,0,0,-1,1,0,0,0
34,0,0,2,0,0,0,0,2,0,13,0,14,0,0,0,-1,0,0,0,1
34,0,0,2,0,0,0,0,1,0,13,0,14,0,0,0,-1,0,0,0,1
29,0,0,2,0,0,0,0,1,0,13,0,9,0,0,0,-1,0,0,0,0
23,0,0,1,0,0,0,0,1,0,8,0,8,0,0,0,7877,0,0,0,1
30,0,0,2,0,0,0,0,1,0,14,0,9,0,0,0,-1,0,0,0,1
57,0,0,2,0,1,0,0,2,0,16,0,34,0,0,0,9246,0,0,0,0
29,0,0,2,1,1,0,0,2,0,17,0,5,0,0,0,-1,0,0,0,1
151,0,0,11,0,10,0,0,3,0,127,1,17,0,0,0,-1,0,59,0,1
57,0,0,2,0,0,0,0,1,0,22,0,28,0,0,0,7056,0,0,0,0
48,0,0,2,0,0,0,0,1,0,15,0,15,10,2,0,8407,0,0,0,0
58,0,0,1,0,0,0,0,4,0,17,0,34,0,0,0,1166,0,0,0,1
55,0,0,2,0,1,0,0,2,0,21,0,27,0,0,0,9149,0,0,0,0
39,0,0,1,0,0,0,0,1,0,11,0,21,0,0,0,11033,0,0,0,0
62,0,0,7,0,0,0,0,2,0,20,0,35,0,0,0,7379,0,0,0,0
27,0,0,1,0,0,0,0,1,0,8,0,12,0,0,0,-1,0,1,0,0
31,0,0,1,0,0,0,0,1,0,11,0,13,0,0,0,11033,0,0,0,0
41,0,0,2,0,1,0,0,2,0,16,0,18,0,0,0,9246,0,0,0,0
79,0,0,6,0,0,0,0,4,0,18,0,54,0,0,0,6204,1,0,0,1
85,0,0,5,0,1,0,0,8,0,15,0,63,0,0,1,5764,0,0,0,1
84,0,0,1,0,0,0,0,4,0,16,0,61,0,0,0,10035,0,0,0,0
38,0,0,2,0,0,0,0,2,0,14,0,17,0,0,0,11511,0,0,0,0
86,0,0,1,0,0,0,0,3,0,8,0,71,0,0,0,11235,0,0,0,0
38,0,0,1,0,0,0,0,1,0,11,0,6,13,2,0,7752,0,0,0,0
41,0,0,1,0,0,0,0,3,0,15,0,19,0,0,0,9770,0,0,0,0
38,0,0,2,0,1,0,0,1,0,22,0,9,0,0,0,9814,0,0,0,1
48,0,0,2,0,0,0,0,2,0,7,0,34,0,1,0,11335,0,0,0,0
49,0,0,2,0,0,0,0,2,0,16,0,26,0,0,0,8586,0,0,0,0
42,0,0,1,0,0,0,0,2,0,11,0,24,0,0,0,7752,0,0,0,0
47,0,0,2,1,0,0,0,3,0,10,0,30,0,0,0,-1,0,0,0,1
38,0,0,1,0,0,0,0,1,0,11,0,6,13,2,0,7752,0,0,0,0
51,0,0,3,0,1,0,0,1,0,24,0,20,0,0,0,1029,0,1,0,0
42,0,0,3,0,2,0,0,2,0,19,0,16,0,0,0,-1,0,0,0,0
90,0,0,1,0,0,0,0,3,0,18,0,65,0,0,0,8236,0,0,0,0
44,0,0,2,0,0,0,0,4,0,16,0,21,0,0,0,682,0,0,0,1
21,1,0,3,0,2,0,0,1,0,13,0,1,0,0,0,8306,0,10,0,1
42,0,0,3,0,1,0,0,1,0,18,0,17,0,0,0,2877,0,0,0,0
34,0,0,1,0,0,0,0,1,0,19,0,8,0,0,0,6471,0,0,0,1
17,0,0,1,0,0,0,0,1,0,9,0,1,0,0,0,-1,0,0,0,0
52,0,0,3,0,0,0,0,1,0,12,0,20,12,3,0,8339,0,0,0,0
20,0,0,1,0,0,0,0,1,0,12,0,1,0,0,0,9461,0,0,0,0
30,0,0,2,0,0,0,0,1,0,13,0,10,0,0,0,-1,0,0,0,0
77,0,0,1,0,0,0,0,1,0,6,0,64,0,0,0,11369,0,0,0,0
28,0,0,1,0,0,0,0,1,0,20,0,1,0,0,0,-1,0,0,0,0
74,0,0,1,0,0,0,0,2,0,20,0,47,0,0,0,5819,0,0,0,0
80,0,0,1,0,0,0,0,7,0,17,0,56,0,0,0,-1,0,0,0,1
83,0,0,3,0,1,0,0,6,0,21,0,55,0,0,0,10381,0,7,0,1
26,0,0,1,0,0,0,0,1,0,12,0,1,5,2,0,6986,0,0,0,1
37,0,0,2,0,0,0,0,2,0,14,0,16,0,0,0,-1,0,0,0,1
38,0,0,4,0,2,0,0,1,0,23,0,8,0,0,0,-1,0,0,0,1
81,0,0,1,0,0,0,0,5,0,14,0,60,0,0,0,19,0,0,0,1
212,0,0,6,0,0,0,0,9,0,15,0,190,0,0,0,8267,0,0,0,1
29,0,0,1,0,0,0,0,2,0,10,0,12,0,0,0,10286,0,0,0,0
82,0,0,2,0,0,0,0,3,0,23,0,52,0,0,0,346,0,0,0,0
215,0,0,3,0,0,0,0,4,0,15,1,38,154,3,0,-1,0,0,0,1
51,0,0,3,0,0,0,0,3,0,18,0,26,0,0,1,8626,0,0,0,1
34,0,0,2,0,0,0,0,1,0,16,0,11,0,0,0,-1,0,0,0,0
23,0,0,1,0,0,0,0,1,0,15,0,1,0,0,0,-1,0,0,0,0
109,0,0,1,0,0,0,0,3,0,18,1,84,0,0,0,9408,0,0,0,0
66,0,0,3,0,1,0,0,5,0,19,0,40,0,0,0,-1,0,0,0,1
102,0,0,5,0,0,0,0,2,0,11,1,8,75,5,0,-1,0,3,0,1
75,0,0,1,0,0,0,0,4,0,17,0,51,0,0,0,6858,0,0,0,0
36,0,0,3,0,1,0,0,3,0,10,1,19,0,0,0,8801,1,0,0,1
31,0,0,2,0,1,0,0,1,0,23,0,1,0,0,0,7751,0,0,0,1
70,0,0,6,1,0,0,0,4,0,14,0,49,0,0,0,1725,0,0,0,1
50,0,0,3,0,1,0,0,1,0,21,0,17,4,2,0,9527,0,0,0,0
42,0,0,2,0,1,0,0,1,0,34,0,1,0,0,0,9562,0,0,0,0
50,0,0,1,0,0,0,0,3,0,10,0,33,0,0,0,11511,0,0,0,0
89,0,0,3,0,0,0,0,5,0,17,0,65,0,0,0,3917,0,0,0,1
74,0,0,2,0,0,0,0,1,0,27,0,10,29,4,0,9345,0,0,0,0
32,0,0,3,0,2,0,0,1,0,17,0,8,0,0,0,9850,0,1,0,1
72,0,0,1,0,0,0,0,6,0,20,0,45,0,0,0,5948,0,0,0,1
121,0,0,2,0,0,0,0,3,0,9,0,105,0,0,0,-1,0,0,0,0
50,0,0,3,0,2,0,0,3,0,22,0,21,0,0,0,11433,0,0,0,0
58,0,0,2,0,0,0,0,1,0,15,0,36,0,0,0,-1,0,0,0,1
50,0,0,3,0,1,0,0,2,0,17,0,26,0,0,0,9866,0,0,0,0
43,0,0,3,1,2,0,0,1,0,27,0,9,0,0,0,-1,0,0,0,1
42,0,0,2,0,0,0,0,1,0,16,0,10,8,2,0,8794,0,0,0,0
41,0,0,1,0,0,0,0,2,0,14,0,20,0,1,0,-1,0,0,0,1
190,0,0,8,1,7,0,0,8,0,109,1,74,0,0,0,4216,0,34,0,1
38,0,0,1,0,0,0,0,3,0,15,0,16,0,0,0,-1,1,0,0,1
73,0,0,3,0,1,0,0,3,0,14,0,38,13,2,0,10180,0,2,0,1
36,0,0,1,0,0,0,0,1,0,21,0,8,0,0,0,8373,0,0,0,0
58,0,0,2,0,0,0,0,3,0,19,0,32,0,0,0,-1,0,0,0,1
36,0,0,3,0,1,0,0,2,0,20,0,9,0,0,0,11145,0,0,0,0
81,0,0,2,0,0,0,0,3,0,10,0,33,30,4,0,11784,0,0,0,0
34,0,0,2,0,1,0,0,3,0,15,0,12,0,0,0,-1,0,0,0,1
38,0,0,1,0,0,0,0,1,0,11,0,6,13,2,0,7752,0,0,0,0
42,0,0,2,0,0,0,0,2,0,16,0,19,0,0,0,9744,0,0,0,0
53,0,0,3,0,1,0,0,1,0,23,0,14,8,2,0,9267,0,0,0,0
65,0,0,1,1,0,0,0,5,0,28,1,30,0,0,0,-1,0,0,0,1
44,0,0,2,0,1,0,0,2,0,20,0,17,0,0,0,7352,0,0,0,0
60,0,0,2,0,0,0,0,1,0,17,0,25,10,2,0,7059,0,0,0,0
44,0,0,1,0,0,0,0,3,0,13,0,24,0,0,0,6658,0,0,0,0
35,0,0,1,0,0,0,0,4,0,10,0,18,0,0,0,-1,0,0,0,1
79,0,0,4,0,2,0,0,1,0,31,0,9,31,8,0,-1,0,0,0,1
31,1,0,4,0,2,0,0,1,0,12,0,12,0,0,0,6281,0,9,0,1
98,0,0,3,0,0,0,0,2,0,17,0,19,54,6,0,11262,0,0,0,0
62,0,0,5,0,3,0,0,2,0,26,0,29,0,0,0,11014,0,0,0,0
51,0,0,1,0,0,0,0,3,0,12,0,32,0,0,0,10632,0,0,0,0
65,0,0,2,0,1,0,0,2,0,17,0,15,25,2,0,11433,0,0,0,0
41,0,0,2,0,0,0,0,2,0,12,0,22,0,0,0,8417,0,0,0,0
51,0,0,1,0,0,0,0,3,0,13,0,31,0,0,0,8551,0,0,0,0
47,0,0,1,0,0,0,0,3,0,11,0,29,0,0,0,11476,0,0,0,0
32,0,0,2,0,1,0,0,4,0,13,0,12,0,0,0,-1,0,0,0,1
42,0,0,1,0,0,0,0,3,0,17,0,18,0,0,0,3821,0,0,0,1
34,0,0,1,0,0,0,0,1,0,19,0,8,0,0,0,-1,0,0,0,1
45,0,0,2,0,0,0,0,3,1,21,0,17,0,0,0,9640,0,0,0,1
48,0,0,2,0,0,0,0,3,0,15,0,26,0,0,0,6441,0,0,0,1
63,0,0,2,0,0,0,0,2,0,25,0,31,0,0,0,10110,0,0,0,0
126,0,1,3,0,0,0,0,5,0,15,0,31,72,5,0,-1,0,0,0,1
96,0,0,1,0,0,0,0,2,0,10,0,79,0,0,0,9556,0,0,0,0
34,0,0,2,2,1,0,0,1,0,26,0,1,0,0,0,-1,0,1,0,1
80,0,0,3,0,1,0,0,3,0,26,0,47,0,0,0,-1,1,0,0,0
100,0,0,3,0,0,0,0,2,0,12,0,20,60,4,0,-1,0,0,0,1
26,0,0,1,0,0,0,0,1,0,12,0,7,0,0,0,10632,0,0,0,0
31,0,0,1,0,0,0,0,3,0,8,0,16,0,0,0,11081,0,0,0,0
38,0,0,1,0,0,0,0,1,0,11,0,6,13,2,0,7752,0,0,0,0
143,0,0,8,0,4,0,0,4,0,31,0,78,26,3,1,-1,0,1,0,1
45,0,0,2,0,0,0,0,4,0,12,0,26,0,0,0,6212,0,0,0,1
65,0,0,2,0,1,0,0,4,0,18,0,40,0,0,0,11798,0,0,0,0
28,0,0,2,0,0,0,0,1,0,12,0,9,0,0,0,-1,0,0,0,1
89,0,0,6,1,5,0,0,3,0,55,1,27,0,0,0,-1,0,0,0,1
47,0,0,2,0,1,0,0,3,0,23,0,17,0,0,0,-1,0,0,0,1
32,0,0,3,0,2,0,0,2,0,16,0,9,0,0,0,11057,0,0,0,0
28,0,0,1,0,0,0,0,1,0,20,0,1,0,0,0,-1,0,0,0,0
29,0,0,3,0,1,0,0,1,0,14,0,8,0,0,0,-1,0,0,0,1
36,0,0,1,0,0,0,0,3,0,18,0,11,0,0,0,-1,0,0,0,1
72,0,0,1,0,0,0,0,4,0,13,0,52,0,0,0,1047,0,0,0,1
35,0,0,2,0,0,0,0,2,0,10,0,18,0,0,0,-1,0,0,0,1
49,0,0,1,0,0,0,0,1,0,22,0,1,18,2,0,-1,0,0,0,0
100,0,0,7,0,6,0,0,1,0,60,0,33,0,0,0,-1,0,6,0,1
136,0,0,3,0,0,0,0,2,0,16,0,21,91,9,0,-1,0,0,0,1
51,0,0,3,0,1,0,0,2,0,18,0,26,0,0,0,9990,0,0,0,0
66,0,0,2,0,0,0,0,1,0,10,0,49,0,0,0,10027,0,0,0,0
61,0,0,2,0,0,0,0,2,0,21,0,7,25,2,0,-1,0,0,0,1
102,0,0,7,1,4,0,0,5,0,39,1,21,34,4,0,-1,0,11,0,1
126,0,0,8,4,3,0,0,1,0,41,1,23,54,3,0,-1,0,0,0,1
46,0,0,2,0,1,0,0,2,0,24,0,15,0,0,0,6801,0,0,0,1
121,0,0,2,0,1,0,0,1,0,35,0,79,0,1,0,80,0,0,0,1
41,0,0,1,0,0,0,0,3,0,6,0,20,7,2,0,7672,0,0,0,0
58,0,0,1,0,0,0,0,3,0,12,0,39,0,0,0,10632,0,0,0,0
31,0,0,1,0,0,0,0,1,0,23,0,1,0,0,0,-1,0,0,0,0
24,0,0,1,0,0,0,0,1,0,9,0,8,0,0,0,7814,0,0,0,0
42,0,0,3,0,2,0,0,1,0,26,0,9,0,0,0,9850,0,4,0,1
33,0,0,4,0,2,0,0,1,0,16,0,10,0,0,0,7951,0,0,0,0
56,0,0,3,0,1,0,0,1,0,16,0,12,20,4,0,8745,0,0,0,0
81,0,0,2,0,0,0,0,1,0,23,0,51,0,0,0,-1,0,0,0,0
31,0,0,1,0,0,0,0,1,0,16,0,8,0,0,0,5068,0,0,0,1
27,0,0,1,0,0,0,0,1,0,11,0,9,0,0,0,11033,0,0,0,0
64,0,0,2,0,1,0,0,2,0,23,0,34,0,0,0,-1,0,0,0,1
47,0,0,3,0,1,0,0,2,0,14,0,26,0,0,0,-1,0,0,0,1
28,0,0,1,0,0,0,0,2,0,14,0,7,0,0,0,7022,0,0,0,0
99,0,0,6,0,1,0,0,2,0,12,1,8,71,5,0,7780,0,2,0,1
65,0,0,2,0,0,0,0,5,0,11,0,47,0,0,0,11309,0,0,0,0
69,0,0,2,0,1,0,0,4,0,16,0,46,0,0,0,-1,0,0,0,1
21,0,0,2,0,1,0,0,1,0,13,0,1,0,0,0,3625,0,0,0,1
36,0,0,2,1,0,0,0,1,0,16,0,13,0,0,0,5370,0,0,0,0
96,0,0,4,0,0,0,0,3,0,16,1,64,8,2,0,1842,0,0,0,1
38,0,0,1,0,0,0,0,1,0,11,0,6,13,2,0,7752,0,0,0,0
249,0,0,4,0,1,0,0,1,0,28,0,1,212,12,0,-1,0,0,0,1
36,0,0,1,3,0,0,0,1,0,28,0,1,0,0,0,-1,0,0,0,0
39,0,0,3,0,2,0,0,3,0,19,0,13,0,0,0,9348,0,0,0,0
46,0,0,3,0,1,0,0,2,0,15,0,24,0,0,0,8809,0,0,0,0
39,0,0,1,0,0,0,0,3,0,8,0,24,0,0,0,9658,0,0,0,0
49,0,0,1,0,0,0,0,5,0,12,0,30,0,0,0,8588,0,0,0,0
52,0,0,1,0,0,0,0,8,0,11,0,34,0,0,0,5378,0,0,0,1
28,0,0,1,1,0,0,0,0,0,21,0,0,0,0,0,-1,0,2,0,1
63,0,0,1,0,0,0,0,5,0,14,0,42,0,0,0,7187,0,0,0,0
125,0,0,2,0,0,0,0,2,0,13,0,26,78,3,0,-1,0,0,0,1
41,0,0,2,0,0,0,0,2,0,14,0,20,0,0,0,792,0,0,0,1
51,0,0,2,0,1,0,0,3,0,17,0,27,0,0,0,12013,0,0,0,0
27,0,0,3,0,2,0,0,1,0,19,0,1,0,0,0,9850,0,1,0,0
75,0,0,2,0,1,0,0,6,0,14,0,54,0,0,0,11369,0,0,0,0
30,0,0,2,0,0,0,0,2,0,9,0,14,0,0,0,10319,0,0,0,1
35,0,0,1,0,0,0,0,4,0,9,0,19,0,0,0,10742,0,0,0,0
227,0,0,4,0,1,0,0,3,0,37,0,36,146,6,0,9200,0,20,0,1
50,0,0,3,0,1,0,0,1,0,21,0,12,9,2,0,9472,0,0,0,0
40,0,0,2,0,0,0,0,2,0,13,0,20,0,0,0,6311,0,0,0,1
48,0,0,2,0,1,0,0,2,0,16,0,25,0,0,0,9246,0,0,0,0
31,0,0,1,0,0,0,0,3,0,8,0,16,0,0,0,11081,0,0,0,0
51,0,0,3,0,0,0,0,2,0,11,0,33,0,0,1,-1,0,1,0,1
50,0,0,1,0,0,0,0,3,0,12,0,31,0,0,0,10632,0,0,0,0
54,0,0,3,0,2,0,0,3,0,27,0,20,0,0,0,6416,0,0,0,1
63,0,0,2,0,1,0,0,1,0,28,0,28,0,0,0,6179,0,0,0,1
61,0,0,2,1,0,0,0,5,0,17,0,37,0,1,0,6627,0,0,0,0
28,0,0,1,0,0,0,0,1,0,20,0,1,0,0,0,-1,0,0,0,1
37,0,0,2,0,0,0,0,1,0,19,0,11,0,0,0,5758,0,0,0,0
48,0,0,2,0,0,0,0,2,0,9,0,23,8,2,0,8880,0,0,0,0
41,0,0,2,0,1,0,0,3,0,15,0,19,0,0,0,11433,0,0,0,0
26,0,0,1,0,0,0,0,1,0,18,0,1,0,0,0,10579,0,0,0,0
47,0,0,3,0,1,0,0,1,0,29,0,11,0,0,0,9230,1,0,0,0
49,0,0,2,0,1,0,0,5,0,15,0,27,0,0,0,8588,0,0,0,0
43,0,0,2,0,0,0,0,1,0,23,0,13,0,0,0,-1,0,0,0,0
18,0,0,1,0,0,0,0,0,0,11,0,0,0,0,0,-1,0,4,0,1
31,1,0,4,0,2,0,0,1,0,13,0,11,0,0,0,1272,0,10,0,1
33,1,0,4,0,2,0,0,1,0,14,0,12,0,0,0,1750,0,11,0,1
61,0,0,1,0,0,0,0,3,0,12,0,42,0,0,0,10632,0,0,0,0
93,0,0,3,0,1,0,0,3,0,18,0,68,0,0,0,9919,1,0,0,0
48,0,0,2,0,0,0,0,2,0,18,0,12,10,2,0,7947,0,0,0,0
87,0,0,2,0,1,0,0,1,0,29,0,51,0,0,0,-1,0,2,0,1
86,0,0,6,0,5,0,0,1,0,45,1,5,28,4,0,-1,0,0,0,1
32,0,0,1,0,0,0,0,2,0,17,0,8,0,0,0,-1,0,0,0,1
35,0,0,1,0,0,0,0,4,0,11,0,17,0,0,0,-1,0,0,0,1
29,0,0,1,0,0,0,0,1,0,21,0,1,0,0,0,526,0,2,0,0
86,0,0,1,0,0,0,0,3,0,16,0,63,0,0,0,6485,0,0,0,0
168,0,0,7,0,1,0,0,8,0,16,1,98,46,2,1,1752,0,0,0,1
47,0,0,1,0,0,0,0,5,0,12,0,28,0,0,0,8588,0,0,0,0
73,0,0,1,0,0,0,0,4,0,16,0,50,0,0,0,9597,0,0,0,0
36,0,0,2,0,1,0,0,1,0,28,0,1,0,0,0,-1,1,2,0,1
114,0,0,2,0,0,0,0,2,0,12,0,27,67,3,0,-1,0,0,0,1
25,0,0,1,0,0,0,0,1,0,7,0,11,0,0,0,7362,0,0,0,1
56,0,0,4,0,0,0,0,2,0,14,0,35,0,0,0,-1,0,0,0,1
142,0,0,4,0,2,0,0,4,0,16,1,30,88,4,0,7319,0,0,0,1
68,0,0,3,0,1,0,0,2,0,15,0,13,32,4,0,6394,0,0,0,0
112,0,0,2,0,0,0,0,5,0,11,0,94,0,0,0,11798,0,0,0,0
37,0,0,2,0,1,0,0,2,0,17,0,13,0,0,0,12027,0,0,0,0
36,0,0,3,0,0,0,0,2,0,14,0,15,0,0,0,-1,0,0,0,1
47,0,0,3,0,1,0,0,3,0,18,0,22,0,0,0,8717,0,0,0,1
50,0,0,2,0,0,0,0,2,0,22,0,21,0,0,0,-1,0,0,0,1
62,0,0,3,0,1,0,0,2,0,10,0,45,0,0,0,10872,0,0,0,0
34,0,0,2,0,0,0,0,1,0,15,0,12,0,0,0,6875,0,0,0,0
37,0,0,2,0,1,0,0,1,0,21,0,9,0,0,0,-1,0,0,0,1
105,0,0,8,0,1,0,0,5,0,12,0,59,26,5,1,-1,0,0,0,1
59,0,0,3,0,1,0,0,2,0,21,0,20,10,2,0,10195,0,0,0,0
29,0,0,2,1,1,0,0,1,0,21,0,1,0,0,0,-1,1,0,0,1
37,0,0,1,0,0,0,0,2,0,10,0,20,0,0,0,8260,0,0,0,0
214,0,0,3,1,1,0,0,5,0,25,0,60,121,27,0,7962,0,0,0,1
38,0,0,2,0,0,0,0,1,0,9,0,14,7,2,0,7950,0,0,0,0
115,0,0,2,0,1,0,0,5,0,16,0,77,14,2,0,11433,0,0,0,0
82,0,0,1,0,0,0,0,2,0,15,0,60,0,0,0,7723,0,0,0,0
216,0,0,11,1,9,0,0,2,0,116,1,93,0,0,0,-1,0,9,0,1
50,0,0,2,0,0,0,0,4,0,16,0,27,0,0,0,129,0,0,0,1
201,0,0,2,0,0,0,0,4,0,11,1,30,152,4,0,20,0,0,0,1
19,0,0,1,0,0,0,0,1,0,11,0,1,0,0,0,5749,0,0,0,0
44,0,0,2,0,1,0,0,3,0,19,0,18,0,0,0,9170,0,0,0,0
72,0,0,2,0,0,0,0,4,0,21,0,44,0,0,0,4628,0,0,0,1
28,0,0,2,0,1,0,0,1,0,20,0,1,0,0,0,5772,0,0,0,0
31,0,0,2,0,0,0,0,2,0,12,0,12,0,0,0,-1,0,0,0,1
75,0,0,1,0,0,0,0,5,0,15,0,53,0,0,0,-1,0,0,0,1
50,0,0,2,0,0,0,0,2,0,13,0,30,0,0,0,11281,0,0,0,0
42,0,0,1,0,0,0,0,1,0,11,0,8,15,2,0,-1,0,0,0,1
30,1,0,4,0,2,0,0,1,0,12,0,11,0,0,0,9370,0,9,0,1
86,0,0,3,0,2,0,0,6,0,29,0,50,0,0,0,-1,0,0,0,1
16,0,0,1,0,0,0,0,1,0,8,0,1,0,0,0,-1,0,0,0,0
22,0,0,2,0,0,0,0,2,0,10,0,5,0,0,0,-1,0,0,0,1
72,0,0,2,0,1,0,0,4,0,11,0,54,0,0,0,-1,0,0,0,1
18,0,0,1,0,0,0,0,0,0,11,0,0,0,0,0,-1,0,4,0,1
83,0,0,1,0,0,0,0,4,0,17,0,59,0,0,0,9845,0,0,0,1
48,0,0,2,0,0,0,0,2,0,16,0,25,0,0,0,508,0,0,0,0
370,0,0,3,4,1,0,0,3,0,45,1,34,283,9,0,9200,0,11,0,1
48,0,0,2,0,0,0,0,3,0,20,0,21,0,0,0,2575,0,0,0,1
40,0,0,2,0,1,0,0,1,0,22,0,11,0,0,0,9814,0,4,0,1
58,0,0,1,0,0,0,0,2,0,15,0,36,0,0,0,292,0,0,0,0
27,0,0,2,0,1,0,0,1,0,12,0,8,0,0,0,-1,0,0,0,1
39,0,0,1,0,0,0,0,4,0,11,0,21,0,0,0,9891,0,0,0,0
56,0,0,2,0,0,0,0,2,0,12,0,37,0,0,0,8240,0,0,0,0
25,0,0,1,0,0,0,0,1,0,9,0,9,0,0,0,-1,0,0,0,1
48,0,0,2,0,0,0,0,2,0,20,0,21,0,0,0,-1,0,0,0,1
78,0,0,5,1,1,0,0,2,0,17,0,17,36,2,0,2970,1,0,0,1
57,0,0,1,0,0,0,0,3,0,10,0,40,0,0,0,11511,0,0,0,0
52,0,0,2,0,1,0,0,2,0,30,0,15,0,0,0,10168,0,0,0,0
21,0,0,1,0,0,0,0,1,0,13,0,1,0,0,0,353,0,0,0,0
37,0,0,2,1,0,0,0,1,0,18,0,12,0,0,0,-1,0,0,0,0
42,0,0,1,0,0,0,0,3,0,12,0,23,0,0,0,8253,0,0,0,0
39,0,0,3,0,1,0,0,2,0,18,0,14,0,0,0,4818,0,0,0,1
32,0,0,1,0,0,0,0,1,0,19,0,6,0,0,0,-1,0,0,0,1
202,0,0,2,0,0,0,0,2,0,23,0,18,153,4,0,6080,0,0,0,1
32,0,0,2,0,0,0,0,1,0,17,0,8,0,0,0,9075,0,0,0,0
106,0,0,2,0,1,0,0,6,0,16,1,30,52,2,0,-1,0,0,0,1
28,0,0,1,0,0,0,0,1,0,20,0,1,0,0,0,-1,0,0,0,0
25,0,0,1,0,0,0,0,1,0,17,0,1,0,0,0,10909,0,0,0,0
46,0,0,1,0,0,0,0,3,0,9,0,30,0,0,0,8156,0,0,0,0
32,0,0,2,0,0,0,0,1,0,12,0,13,0,0,0,10632,0,0,0,0
100,0,0,6,0,1,0,0,3,0,13,1,8,71,5,0,540,0,0,0,1
113,0,0,3,0,1,0,0,2,0,16,1,19,70,2,0,-1,0,0,0,1
84,0,0,2,0,1,0,0,2,0,16,0,61,0,4,0,9246,0,0,0,0
99,0,0,2,1,0,0,0,2,0,20,0,72,0,0,0,-1,1,0,0,1
50,0,0,1,0,0,0,0,1,0,16,0,12,14,2,0,5068,0,0,0,1
46,0,0,1,0,0,0,0,1,0,31,0,8,0,0,0,4469,0,0,0,1
56,0,0,1,0,0,0,0,2,0,19,0,30,0,0,0,8247,0,0,0,0
29,1,0,3,0,2,0,0,1,0,14,0,8,0,0,0,-1,0,11,0,1
66,0,0,2,0,0,0,0,3,0,20,0,39,0,0,0,3634,0,0,0,1
65,0,0,1,0,0,0,0,3,0,10,0,48,0,0,0,11511,0,0,0,0
201,0,0,24,0,23,0,0,2,0,160,1,34,0,0,0,-1,0,17,0,1
25,0,0,1,0,0,0,0,1,0,17,0,1,0,0,0,9122,0,0,0,0
35,0,0,2,1,1,0,0,1,0,27,0,1,0,0,0,-1,0,0,0,1
46,0,0,1,0,0,0,0,4,0,13,0,26,0,0,0,11578,0,0,0,0
76,0,0,6,0,1,0,0,2,0,11,1,4,53,3,0,2995,0,0,0,1
76,0,0,3,0,1,0,0,4,0,23,0,34,11,2,0,7105,0,0,0,0
35,0,0,1,0,0,0,0,1,0,19,0,9,0,0,0,-1,0,0,0,1
26,0,0,1,0,0,0,0,1,0,18,0,1,0,0,0,5611,0,0,0,1
117,0,0,4,0,2,0,0,3,0,20,0,90,0,0,0,3655,0,0,0,1
40,0,0,2,0,1,0,0,2,0,16,0,17,0,0,0,9246,0,0,0,0
54,0,0,2,0,0,0,0,2,0,8,0,11,27,2,0,11235,0,0,0,0
51,0,0,2,0,1,0,0,2,0,16,0,28,0,0,0,9246,0,0,0,0
31,0,0,2,0,1,0,0,2,0,16,0,8,0,0,0,-1,0,0,0,1
31,0,0,1,0,0,0,0,1,0,12,1,12,0,0,0,-1,0,0,0,1
94,0,0,3,0,1,0,0,5,0,23,0,64,0,0,0,10549,0,0,0,0
40,0,0,3,0,1,0,0,1,0,23,0,10,0,0,0,-1,0,2,0,1
46,0,0,2,0,0,0,0,2,0,18,0,21,0,0,0,-1,0,0,0,1
44,0,0,2,0,0,0,0,1,0,24,0,13,0,0,0,-1,0,0,0,1
29,0,0,1,0,0,0,0,1,0,19,0,3,0,0,0,-1,0,0,0,1
92,0,0,1,0,0,0,0,4,0,12,0,73,0,0,0,10334,0,0,0,0
32,0,0,2,0,1,0,0,3,0,11,0,14,0,0,0,-1,0,0,0,0
65,0,0,1,0,0,0,0,2,0,15,0,43,0,0,0,7723,0,0,0,0
35,0,0,2,0,0,0,0,1,0,12,0,16,0,0,0,10632,0,0,0,0
63,0,0,1,0,0,0,0,2,0,22,0,34,0,0,0,-1,0,0,0,1
28,0,0,1,0,0,0,0,1,0,14,0,7,0,0,0,1617,0,0,0,0
44,0,0,2,0,1,0,0,4,0,17,0,20,0,0,0,9003,0,0,0,1
29,0,0,1,0,0,0,0,1,0,21,0,1,0,0,0,-1,0,0,0,0
36,0,0,1,0,0,0,0,1,0,18,0,11,0,0,0,9902,0,0,0,1
38,0,0,2,0,0,0,0,2,0,13,0,18,0,0,0,9878,0,0,0,0
61,0,0,4,0,1,0,0,2,0,22,0,32,0,0,0,-1,0,1,0,1
54,0,0,2,0,1,0,0,5,0,16,0,31,0,0,0,11433,0,0,0,0
57,0,0,2,0,0,0,0,4,0,19,0,31,0,0,0,-1,0,0,0,1
66,0,0,1,0,0,0,0,6,0,16,0,43,0,0,0,-1,1,0,0,1
33,0,0,1,0,0,0,0,2,0,19,0,7,0,0,0,-1,0,0,0,1
49,0,0,3,0,1,0,0,1,0,29,0,13,0,0,0,6773,0,4,0,1
67,0,0,3,0,1,0,0,2,0,24,0,11,24,4,0,5736,0,0,0,1
35,1,0,4,0,2,0,0,2,0,14,0,14,0,0,0,-1,0,11,0,1
106,0,0,6,0,1,0,0,3,1,19,0,38,41,2,1,-1,0,0,0,1
30,1,0,4,0,2,0,0,1,0,13,0,10,0,0,0,3718,0,10,0,1
26,0,0,1,0,0,0,0,1,0,11,0,8,0,0,0,11033,0,0,0,0
26,0,0,1,0,0,0,0,1,0,11,0,8,0,0,0,8867,1,0,0,1
25,0,0,1,0,0,0,0,1,0,10,0,8,0,0,0,5987,0,0,0,1
103,0,0,3,0,1,0,0,7,0,18,0,78,0,0,0,-1,0,0,0,1
37,0,0,2,0,1,0,0,3,0,11,0,19,0,0,0,11123,0,0,0,0
79,0,0,2,1,0,0,0,4,0,17,0,55,0,0,0,8058,0,0,0,0
38,0,0,2,1,1,0,0,1,0,30,0,1,0,0,0,-1,0,2,0,1
51,0,0,1,0,0,0,0,3,0,11,0,33,0,0,0,11476,0,0,0,0
27,0,0,2,0,1,0,0,1,0,19,0,1,0,0,0,11544,0,0,0,0
139,0,1,3,0,0,0,0,5,0,28,0,36,67,5,0,-1,0,0,0,1
86,0,0,5,1,0,0,0,2,0,14,1,4,60,3,0,-1,0,0,0,1
93,0,0,3,0,1,0,0,2,0,22,0,64,0,0,0,-1,0,0,0,1
120,0,0,2,0,0,0,0,2,0,20,0,37,55,2,0,7049,0,0,0,1
36,0,0,2,0,0,0,1,2,0,14,0,15,0,0,0,-1,0,6,0,1
29,0,0,1,0,0,0,0,1,0,14,0,8,0,0,0,9523,0,0,0,1
69,0,0,4,0,1,0,0,1,0,15,0,10,36,3,0,10257,0,0,0,0
56,0,0,2,0,1,0,0,3,0,10,0,39,0,0,0,4845,0,0,0,1
81,0,0,1,0,0,0,0,5,0,20,0,54,0,0,0,254,0,0,0,1
35,0,0,2,0,1,0,0,2,0,16,0,12,0,0,0,-1,0,0,0,1
105,0,0,7,0,2,0,0,2,0,17,1,5,75,5,0,6995,0,0,0,1
28,0,0,1,0,0,0,0,1,0,20,0,1,0,0,0,6121,0,0,0,0
31,0,0,2,0,1,0,0,2,0,18,0,6,0,0,0,7022,0,0,0,0
71,0,0,3,0,1,0,0,5,0,20,1,44,0,0,0,5398,1,0,0,1
39,0,0,1,2,0,0,0,1,0,31,0,1,0,0,0,1001,0,0,0,1
89,0,0,1,0,0,0,0,1,0,12,0,1,68,2,0,8149,0,0,0,0
280,0,0,15,0,1,0,0,4,0,26,0,32,214,18,0,-1,0,0,0,1
104,0,0,6,0,1,0,0,3,1,18,0,38,40,2,1,-1,0,0,0,1
29,0,0,2,1,1,0,1,0,0,22,0,0,0,0,0,-1,0,6,0,1
72,0,0,3,1,1,0,0,1,0,48,0,17,0,0,0,5195,0,0,0,1
35,0,0,2,0,0,0,0,1,0,12,0,16,0,0,0,-1,0,0,0,1
102,0,0,1,0,0,0,0,6,0,15,0,80,0,0,0,9713,0,0,0,0
48,0,0,2,0,1,0,0,2,0,16,0,25,0,0,0,9246,0,0,0,0
24,0,0,1,0,0,0,0,1,0,16,0,1,0,0,0,7392,0,0,0,0
71,0,0,3,0,1,0,0,4,0,18,0,46,0,0,0,8438,0,0,0,0
38,0,0,1,0,0,0,0,1,0,11,0,6,13,2,0,7752,0,0,0,0
28,0,0,3,0,1,0,0,1,0,14,0,7,0,0,0,10259,0,0,0,0
36,0,0,2,0,1,0,0,1,0,28,0,1,0,0,0,6393,0,3,0,1
20,0,0,1,0,0,0,0,2,0,9,0,4,0,0,0,381,0,1,0,1
26,0,0,2,0,1,0,0,1,0,14,0,5,0,0,0,9527,0,0,0,0
44,0,0,1,0,0,0,0,2,0,21,0,16,0,0,0,9368,0,0,0,0
73,0,1,5,0,0,0,0,3,0,15,1,22,28,2,0,-1,0,0,0,1
36,0,0,1,0,0,0,0,4,0,9,0,20,0,0,0,10742,0,0,0,0
35,0,0,1,0,0,0,0,2,0,19,1,9,0,0,0,9926,0,0,0,0
96,0,0,1,0,0,0,0,5,0,17,0,72,0,0,0,5539,0,0,0,0
34,0,0,1,0,0,0,0,1,0,15,0,12,0,0,0,2404,0,0,0,1
47,0,0,1,0,0,0,0,2,0,10,0,30,0,0,0,8260,0,0,0,0
48,0,0,3,0,1,0,0,3,0,20,0,21,0,0,0,5396,0,0,0,1
37,0,0,2,0,0,0,0,2,0,16,0,14,0,0,0,6363,0,0,0,1
24,0,0,1,0,0,0,0,1,0,10,0,7,0,0,0,-1,0,0,0,1
107,0,0,1,0,0,0,0,3,0,9,0,91,0,0,0,-1,0,0,0,0
23,0,0,2,0,1,0,0,1,0,15,0,1,0,0,0,2746,0,1,0,1
23,0,0,1,0,0,0,0,1,0,9,0,7,0,0,0,8213,0,0,0,1
57,0,0,3,0,0,0,0,3,0,11,1,39,0,0,0,-1,0,0,0,1
41,0,0,2,0,0,0,0,1,0,22,0,12,0,0,0,9472,0,0,0,0
73,0,0,3,0,1,0,0,1,0,19,0,15,31,1,0,8067,0,0,0,0
61,0,0,2,0,0,0,0,4,0,21,0,33,0,0,0,-1,0,0,0,1
40,0,0,1,0,0,0,0,1,0,12,0,21,0,0,0,10632,0,0,0,0
96,0,0,4,0,1,0,0,6,0,21,0,68,0,0,0,6052,0,0,0,1
29,0,0,1,0,0,0,0,1,0,16,0,6,0,0,0,5033,0,0,0,1
51,1,0,6,0,1,0,0,4,0,15,0,29,0,0,0,-1,0,3,0,1
64,0,0,1,0,0,0,0,6,0,13,0,44,0,0,0,-1,0,0,0,1
38,0,0,1,0,0,0,0,1,0,21,0,10,0,0,0,7585,0,0,0,0
33,0,0,1,0,0,0,0,1,0,11,0,15,0,0,0,11033,0,0,0,0
49,0,0,2,1,1,0,0,4,0,13,0,29,0,0,0,7867,0,0,0,0
36,0,0,2,0,0,0,1,2,0,14,0,15,0,0,0,-1,0,6,0,1
38,0,0,1,0,0,0,0,1,0,12,0,19,0,0,0,714,0,0,0,0
81,0,0,2,0,0,0,0,3,0,22,0,52,0,0,0,6022,0,0,0,0
38,0,0,3,0,1,0,0,2,0,15,0,16,0,0,0,-1,0,7,0,1
72,0,0,5,0,0,0,0,3,0,19,0,46,0,0,0,-1,0,0,0,1
28,0,0,1,1,0,0,0,2,0,14,0,7,0,0,0,-1,0,0,0,1
40,0,0,2,0,0,0,0,2,0,13,0,20,0,0,0,-1,0,0,0,1
74,0,0,1,0,0,0,0,4,0,16,0,51,0,0,0,-1,0,0,0,1
47,0,0,1,0,0,0,0,1,0,13,0,1,25,2,0,8008,0,0,0,0
31,0,0,1,0,0,0,0,1,0,23,0,1,0,0,0,8543,0,0,0,0
36,0,0,2,0,0,0,0,2,0,9,1,12,7,2,0,-1,0,0,0,1
38,0,0,2,1,0,0,0,2,0,13,0,18,0,0,0,9907,0,0,0,0
134,0,0,2,0,0,0,0,7,0,13,1,114,0,3,1,-1,0,0,0,1
66,0,0,5,0,0,0,0,5,0,13,0,46,0,0,1,373,0,0,0,1
57,0,0,5,0,2,0,0,4,0,14,0,36,0,0,0,-1,0,0,0,0
61,0,0,2,0,0,0,0,2,0,15,0,39,0,0,0,6799,0,0,0,0
54,0,0,2,0,1,0,0,2,0,23,0,24,0,0,0,11544,0,1,0,0
52,0,0,5,2,4,0,0,0,0,45,1,0,0,0,0,-1,0,0,0,1
31,0,0,1,0,0,0,0,3,0,8,0,16,0,0,0,11081,0,0,0,0
27,0,0,1,0,0,0,0,1,0,19,0,1,0,0,0,-1,0,0,0,0
82,0,0,2,0,0,0,0,5,0,20,0,55,0,0,0,5855,0,0,0,1
22,0,0,1,0,0,0,0,1,0,8,0,7,0,0,0,-1,0,0,0,1
82,0,0,2,0,0,0,0,6,0,21,0,54,0,0,0,-1,0,0,0,1
27,0,0,2,0,0,0,0,1,0,11,0,9,0,0,0,-1,0,0,0,1
94,0,0,1,0,0,0,0,7,0,14,0,73,0,0,0,3300,0,0,0,1
70,0,0,1,0,0,0,0,2,0,17,0,46,0,0,0,6146,0,0,0,0
55,0,0,1,0,0,0,0,5,0,9,0,39,0,1,0,122,0,0,0,1
42,0,0,2,0,1,0,0,2,0,28,0,7,0,0,0,11217,0,0,0,0
42,0,0,2,0,1,0,0,2,0,16,0,19,0,0,0,9246,0,0,0,0
27,0,0,2,0,1,0,0,2,0,14,0,6,0,0,0,-1,0,0,0,1
77,0,0,1,0,0,0,0,4,0,9,0,61,0,0,0,-1,0,0,0,1
40,0,0,2,1,1,0,0,1,0,32,0,1,0,0,0,-1,0,1,0,1
30,0,0,1,0,0,0,0,2,0,14,0,9,0,0,0,6160,0,0,0,0
40,0,0,5,0,3,0,0,2,0,20,0,13,0,0,0,-1,0,0,0,0
77,0,0,3,0,1,0,0,4,0,19,0,51,0,0,0,9919,1,0,0,0
67,0,0,1,0,0,0,0,3,0,11,0,49,0,0,0,7112,0,0,0,0
41,0,0,1,0,0,0,0,3,0,15,0,19,0,0,0,9770,0,0,0,0
63,0,0,1,0,0,0,0,1,0,11,0,45,0,0,0,7818,0,0,0,0
54,0,0,1,0,0,0,0,3,0,10,0,37,0,0,0,7462,0,0,0,0
54,0,0,2,0,0,0,0,2,0,32,0,15,0,0,0,-1,0,0,0,1
54,0,0,2,0,0,0,0,2,0,14,0,15,17,4,0,10548,0,0,0,0
74,0,0,2,0,0,0,0,6,0,21,0,46,0,0,0,-1,0,0,0,1
58,0,0,2,1,1,0,0,3,0,24,0,27,0,0,0,-1,0,0,0,1
42,0,0,2,0,0,0,0,2,0,12,0,23,0,0,0,11258,0,0,0,0
28,0,0,1,0,0,0,0,1,0,10,0,11,0,0,0,7338,0,0,0,0
42,0,0,2,0,0,0,0,4,1,10,0,25,0,0,0,-1,0,0,0,1
68,0,0,3,0,1,0,0,3,0,15,0,46,0,0,0,2367,0,0,0,1
54,0,0,1,0,0,0,0,2,0,4,1,43,0,0,0,5561,0,0,0,1
112,0,0,2,0,0,0,0,2,0,22,0,83,0,0,0,9320,0,0,0,0
27,0,0,1,0,0,0,0,1,0,12,0,8,0,0,0,5288,1,0,0,1
39,0,0,1,0,0,0,0,1,0,24,0,8,0,0,0,6699,0,0,0,1
147,0,0,10,4,8,0,0,3,0,73,1,67,0,2,0,-1,1,13,0,1
33,0,0,3,0,1,0,0,1,0,16,0,10,0,0,0,9848,0,0,0,0
76,0,0,1,0,0,0,0,3,0,10,0,59,0,0,0,11511,0,0,0,0
39,0,0,2,0,0,0,0,2,0,15,1,17,0,0,0,-1,0,0,0,1
39,0,0,1,0,0,0,0,3,0,15,0,17,0,0,0,6953,0,0,0,0
71,0,0,3,0,1,0,0,3,0,31,0,33,0,0,0,7592,1,0,0,0
60,0,0,1,0,0,0,0,6,0,20,0,33,0,0,0,-1,0,0,0,1
45,0,0,3,0,1,0,0,2,0,16,0,22,0,0,0,9246,0,0,0,0
42,0,0,3,1,1,0,0,2,0,15,0,20,0,0,0,-1,0,0,0,1
59,1,0,3,0,2,0,0,2,0,12,0,40,0,0,0,-1,0,9,0,1
51,1,0,4,0,2,0,0,2,0,14,0,30,0,0,0,-1,0,11,0,1
92,0,0,6,1,4,0,0,2,0,40,1,26,18,6,0,-1,0,0,0,1
32,0,0,2,1,1,0,0,1,0,24,0,1,0,0,0,-1,0,0,0,1
49,0,0,2,0,1,0,0,2,0,16,0,26,0,0,0,9246,0,0,0,0
132,0,0,5,0,1,0,0,2,0,30,0,46,48,6,0,-1,0,3,0,1
280,0,0,3,0,1,0,0,1,0,15,0,10,247,4,0,-1,0,1,0,1
76,0,0,2,0,0,0,0,8,0,15,0,54,0,0,0,9607,0,0,0,0
52,0,0,2,0,0,0,0,3,0,22,0,23,0,0,0,-1,0,0,0,1
46,0,0,3,0,0,0,0,2,0,13,0,26,0,0,0,-1,0,0,0,1
28,0,0,1,0,0,0,0,1,0,13,0,8,0,0,0,102,0,9,0,1
38,0,0,1,0,0,0,0,4,0,14,0,17,0,0,0,-1,0,0,0,1
55,0,0,6,0,1,0,0,3,0,16,0,32,0,0,1,9808,0,0,0,1
19,0,0,1,0,0,0,0,1,0,6,0,6,0,0,0,-1,1,0,0,1
28,0,0,1,0,0,0,0,1,0,12,0,9,0,0,0,-1,0,0,0,1
29,0,0,3,0,2,0,0,1,0,21,0,1,0,0,0,8359,0,0,0,0
68,0,0,1,0,0,0,0,3,0,10,0,51,0,0,0,11511,0,0,0,0
36,0,0,1,0,0,0,0,1,0,10,0,8,10,2,0,10462,0,0,0,0
192,0,0,13,0,12,0,0,1,0,184,0,1,0,0,0,-1,0,52,0,1
26,1,0,3,0,2,0,0,1,0,12,0,7,0,0,0,9690,0,9,0,1
31,0,0,1,0,0,0,0,1,0,16,0,8,0,0,0,5425,0,0,0,1
50,0,0,3,0,1,0,0,2,0,16,0,27,0,0,0,-1,0,0,0,1
58,0,0,1,0,0,0,0,3,0,14,0,37,0,0,0,9288,0,0,0,0
45,0,0,1,0,0,0,0,5,0,12,0,26,0,0,0,8588,0,0,0,0
38,0,0,1,0,0,0,0,3,0,18,0,13,0,0,0,-1,0,0,0,1
38,0,0,1,0,0,0,0,1,0,11,0,6,13,2,0,7752,0,0,0,0
40,0,0,1,0,0,0,0,4,0,17,0,16,0,0,0,-1,0,0,0,1
385,0,0,11,10,9,0,0,2,0,207,1,18,152,4,0,-1,0,46,0,1
122,0,0,4,0,1,0,0,2,0,19,0,21,74,10,0,-1,0,0,0,0
59,0,0,2,0,0,0,0,2,0,9,0,43,0,1,0,3895,0,0,0,0
23,0,0,1,0,0,0,0,1,0,7,0,9,0,0,0,5919,0,0,0,1
69,0,0,2,0,0,0,0,1,0,8,0,54,0,0,0,10035,0,0,0,0
114,0,0,2,0,0,0,0,2,0,12,0,27,67,3,0,-1,0,0,0,1
88,0,0,3,0,0,0,0,8,0,20,1,61,0,0,0,5695,0,0,0,1
42,0,0,1,0,0,0,0,3,0,14,0,21,0,0,0,8530,0,0,0,0
53,0,0,2,2,0,0,0,1,0,21,0,25,0,0,0,7916,0,0,0,0
44,0,0,3,1,1,0,0,2,0,22,0,15,0,0,0,10168,0,0,0,1
57,0,0,3,0,1,0,0,3,0,17,0,33,0,0,0,-1,0,0,0,0
93,0,0,1,0,0,0,0,5,0,15,0,71,0,0,0,7289,0,0,0,0
30,0,0,2,1,1,0,0,1,0,22,0,1,0,0,0,3709,0,0,0,1
40,0,0,4,0,2,0,0,1,0,20,0,2,10,2,0,11433,0,0,0,0
46,0,0,1,0,0,0,0,4,0,13,0,22,3,2,0,10091,0,0,0,0
44,0,0,3,0,1,0,0,2,0,19,0,18,0,0,0,-1,0,0,0,1
74,0,0,2,0,0,0,0,6,0,14,0,53,0,0,0,-1,0,0,0,1
39,0,0,2,0,0,0,0,3,0,11,0,21,0,0,0,5646,1,0,0,1
28,0,0,1,0,0,0,0,1,0,20,0,1,0,0,0,-1,0,0,0,1
26,0,0,1,0,0,0,0,1,0,13,0,6,0,0,0,-1,0,0,0,1
95,0,0,4,0,0,0,0,2,0,12,0,13,62,8,0,-1,0,0,0,1
63,0,0,4,0,1,0,0,2,0,24,0,32,0,0,0,-1,0,0,0,1
166,0,1,4,0,0,0,0,2,0,25,0,20,113,15,0,-1,0,0,0,1
39,0,0,2,0,1,0,0,1,0,23,0,9,0,0,0,9305,0,0,0,1
94,0,0,5,0,0,0,0,4,0,13,1,74,0,0,0,-1,0,9,0,1
15,0,0,0,0,0,0,0,0,0,8,0,0,0,0,0,-1,0,0,0,0
67,0,0,3,0,1,0,0,4,0,16,0,44,0,0,0,9919,1,0,0,0
175,0,0,2,0,0,0,0,3,0,11,0,157,0,0,0,9787,0,0,0,0
256,0,0,4,0,1,0,0,12,0,19,1,230,0,3,0,9046,0,3,0,1
35,0,0,2,0,1,0,0,1,0,27,0,1,0,0,0,7345,0,0,0,0
29,0,0,2,0,0,0,0,1,0,12,0,10,0,0,0,8029,0,0,0,1
25,0,0,1,0,0,0,0,1,0,10,0,8,0,0,0,7332,0,0,0,1
47,0,0,1,1,0,0,0,4,0,20,0,20,0,0,0,7248,0,0,0,0
79,0,0,3,0,1,0,0,7,0,19,1,53,0,0,0,-1,0,0,0,1
26,0,0,1,0,0,0,0,2,0,12,0,7,0,0,0,-1,0,0,0,1
81,0,0,3,0,1,0,0,2,0,17,0,18,38,2,0,11798,0,0,0,0
49,0,0,2,0,0,0,0,2,0,25,0,17,0,0,0,-1,0,0,0,1
49,0,0,4,2,1,0,0,1,0,23,0,19,0,0,0,-1,0,0,0,0
38,0,0,1,0,0,0,0,1,0,11,0,6,13,2,0,7752,0,0,0,0
36,0,0,1,1,0,0,0,3,0,13,0,16,0,0,0,-1,0,0,0,1
91,0,0,2,0,1,0,0,6,0,11,0,73,0,0,0,5951,0,0,0,1
29,0,0,2,0,0,0,0,1,0,10,0,12,0,0,0,9109,0,0,0,0
73,0,0,1,0,0,0,0,5,0,14,0,52,0,0,0,7389,0,0,0,0
33,0,0,1,0,0,0,0,1,0,14,1,12,0,0,0,-1,0,0,0,1
40,0,0,1,0,0,0,0,2,0,11,0,22,0,0,0,10945,0,0,0,0
56,0,0,2,0,0,0,0,1,0,25,0,11,12,2,0,6206,0,0,0,0
23,0,0,1,0,0,0,0,1,0,15,0,1,0,0,0,1170,0,0,0,0
20,0,0,1,0,0,0,0,1,0,7,0,6,0,0,0,-1,0,0,0,1
41,0,0,3,0,1,0,0,2,0,17,1,9,7,2,0,-1,0,0,0,1
40,0,0,3,0,1,0,0,3,0,14,1,19,0,0,0,1256,0,0,0,1
36,0,0,2,0,1,0,0,2,0,16,0,13,0,0,0,9246,0,0,0,0
49,0,0,3,0,1,0,0,2,0,20,0,22,0,0,0,10867,0,0,0,0
30,0,0,4,0,3,0,0,2,0,17,0,6,0,0,0,10872,0,0,0,0
40,0,0,3,0,1,0,0,2,0,19,0,14,0,0,0,-1,0,0,0,1
69,0,0,2,0,0,0,0,5,0,15,0,47,0,0,0,-1,0,0,0,1
30,0,0,1,0,0,0,0,1,0,10,0,13,0,0,0,7338,0,0,0,0
44,0,0,1,0,0,0,0,3,0,12,0,25,0,0,0,8253,0,0,0,0
49,0,0,1,0,0,0,0,4,0,13,0,29,0,0,0,7337,0,0,0,1
51,0,0,3,0,1,0,0,2,0,13,0,31,0,0,0,-1,0,0,0,0
53,0,0,3,0,1,0,0,3,0,14,0,32,0,0,0,10221,0,0,0,0
25,0,0,1,0,0,0,0,1,0,11,0,7,0,0,0,11033,0,0,0,0
206,0,0,10,0,0,0,0,3,0,21,0,13,164,1,0,9023,0,0,0,1
30,0,0,2,0,1,0,0,1,0,12,0,11,0,0,0,8892,0,0,0,1
69,0,0,1,0,0,0,0,5,0,21,0,41,0,0,0,8691,0,0,0,1
62,0,0,1,0,0,0,0,3,0,19,0,36,0,0,0,-1,0,0,0,1
26,0,0,1,0,0,0,0,1,0,18,0,1,0,0,0,629,0,0,0,0
30,0,0,2,0,0,0,0,1,0,14,0,9,0,0,1,-1,0,0,0,1
35,0,0,2,0,1,0,0,2,0,19,0,9,0,0,0,-1,0,0,0,1
30,0,0,1,1,0,0,0,1,0,14,0,9,0,0,0,-1,0,0,0,1
54,0,0,3,0,1,0,0,3,0,25,0,22,0,0,0,-1,1,0,0,0
45,0,0,2,0,0,0,0,2,0,19,0,19,0,0,0,801,0,0,0,1
33,0,0,2,0,1,0,0,1,0,25,0,1,0,0,0,-1,1,0,0,0
86,0,0,2,0,0,0,0,3,0,13,0,66,0,0,0,6602,0,0,0,0
121,0,0,2,1,0,0,0,13,0,21,1,93,0,0,0,3158,0,0,0,1
43,0,0,1,0,0,0,0,1,0,9,0,7,19,2,0,-1,0,0,0,1
63,0,0,4,0,1,0,0,2,0,24,0,32,0,0,0,7473,1,0,0,1
42,0,0,1,0,0,0,0,4,0,10,0,25,0,0,0,8203,0,0,0,0
45,0,0,2,0,0,0,0,2,0,8,0,11,18,2,0,11235,0,0,0,0
55,0,0,2,0,1,0,0,3,0,30,0,18,0,0,0,-1,0,0,0,1
72,0,0,2,0,0,0,0,4,0,12,0,53,0,0,0,7884,0,0,0,0
24,0,0,2,0,1,0,0,1,0,16,0,1,0,0,0,245,1,0,0,1
65,0,0,1,0,0,0,0,3,0,18,0,40,0,0,0,6286,0,0,0,1
856,0,0,11,0,2,0,0,1,0,17,0,3,828,66,0,6555,0,1,0,1
72,0,0,3,0,1,0,0,7,0,20,1,45,0,0,0,-1,0,3,0,1
70,0,0,2,0,0,0,0,3,0,14,0,49,0,0,0,11887,0,0,0,0
36,0,0,2,1,0,0,0,1,0,16,0,13,0,0,0,-1,0,0,0,1
65,0,0,2,0,1,0,0,2,0,17,0,15,25,2,0,11433,0,0,0,0
32,0,0,1,0,0,0,0,3,0,8,0,17,0,0,0,11081,0,0,0,0
56,0,0,1,0,0,0,0,3,0,16,0,33,0,0,0,9909,0,0,0,0
102,0,0,2,2,0,0,0,4,0,36,0,59,0,0,0,-1,0,0,0,1
45,0,0,2,0,1,0,0,2,0,16,0,22,0,0,0,9246,0,0,0,0
54,0,0,2,0,0,0,0,2,0,12,0,35,0,0,0,8240,0,0,0,0
76,1,0,5,0,0,0,0,4,0,14,0,37,17,2,0,5126,0,0,0,1
64,0,0,3,0,1,0,0,3,0,17,0,40,0,0,0,11125,0,0,0,0
90,0,0,5,0,0,0,0,2,0,9,1,5,68,5,0,-1,0,0,0,1
53,0,0,1,0,0,0,0,5,0,6,0,40,0,0,0,3664,0,0,0,1
99,0,0,3,0,0,0,0,8,0,22,0,70,0,0,1,8579,0,0,0,1
42,0,0,2,0,1,0,0,1,0,15,0,20,0,0,0,874,0,0,0,0
47,0,0,2,0,0,0,0,4,0,9,0,31,0,0,0,-1,0,0,0,1
39,0,0,2,0,0,0,0,2,0,12,0,20,0,0,0,-1,0,0,0,1
58,0,0,2,0,0,0,0,1,0,14,0,10,26,2,0,-1,0,0,0,1
33,0,0,2,0,1,0,0,2,0,18,0,8,0,0,0,9538,0,0,0,0
26,0,0,1,1,0,0,0,1,0,13,0,6,0,0,0,1139,0,0,0,1
83,0,0,4,0,2,0,0,6,0,20,0,56,0,0,0,380,0,0,0,1
93,0,0,4,1,1,0,0,5,0,22,0,64,0,0,1,-1,0,0,0,1
92,0,0,1,0,0,0,0,6,0,29,0,56,0,0,0,9061,0,0,0,0
31,1,0,3,0,2,0,1,1,0,19,0,5,0,0,0,-1,0,15,0,1
80,0,0,3,0,0,0,0,2,1,10,0,4,58,4,0,7991,0,4,0,1
45,0,0,2,0,0,0,0,3,0,12,0,26,0,0,0,1440,0,0,0,1
40,0,0,1,0,0,0,0,1,0,20,0,13,0,0,0,6695,0,0,0,0
49,0,0,1,0,0,0,0,3,0,12,0,30,0,0,0,10632,0,0,0,0
55,0,0,1,0,0,0,0,4,0,11,0,37,0,0,0,7718,0,0,0,0
39,0,0,1,0,0,0,0,2,0,16,0,16,0,0,0,7084,0,0,0,0
41,0,0,2,0,1,0,0,3,0,20,0,14,0,0,0,10230,0,0,0,0
78,0,0,6,0,1,0,0,1,0,14,1,3,53,3,0,-1,0,0,0,1
32,0,0,2,1,1,0,0,1,0,15,0,10,0,0,0,-1,0,0,0,1
40,0,0,2,0,0,0,0,2,0,16,0,17,0,0,0,-1,0,0,0,1
27,1,0,4,0,2,0,0,1,0,12,0,8,0,0,0,-1,0,9,0,1
129,0,0,6,2,4,0,0,1,0,50,0,12,59,4,0,-1,0,11,0,1
73,0,0,3,0,0,0,0,2,0,11,0,4,50,6,0,-1,0,0,0,1
74,0,0,2,0,0,0,0,1,0,27,0,10,29,4,0,9345,0,0,0,0
24,0,0,1,0,0,0,0,1,0,10,0,7,0,0,0,5811,0,0,0,1
32,0,0,2,1,0,0,0,1,0,15,0,10,0,0,0,10443,0,0,0,0
237,0,0,3,0,1,0,0,3,0,23,0,42,164,1,0,-1,0,0,0,1
32,0,0,1,0,0,0,0,1,0,10,0,15,0,0,0,7338,0,0,0,0
45,0,0,1,0,0,0,0,3,0,12,0,26,0,0,0,8253,0,0,0,0
83,0,0,1,0,0,0,0,3,0,21,0,55,0,0,0,10276,0,0,0,0
31,0,0,1,0,0,0,0,3,0,8,0,16,0,0,0,11081,0,0,0,0
38,0,0,2,0,1,0,0,1,0,16,0,15,0,0,0,8186,0,0,0,0
56,0,0,2,0,0,0,0,3,0,11,0,38,0,0,0,-1,0,0,0,0
44,0,0,3,1,1,0,0,1,0,25,0,12,0,0,0,9885,0,0,0,0
29,0,0,2,1,1,0,0,1,0,21,0,1,0,0,0,-1,0,0,0,1
53,0,0,1,0,0,0,0,5,0,12,0,34,0,0,0,8588,0,0,0,0
51,0,0,2,0,1,0,0,3,0,17,0,27,0,0,0,-1,0,0,0,1
27,0,0,1,0,0,0,0,1,0,19,0,1,0,0,0,-1,0,0,0,0
34,1,0,4,0,2,0,0,1,0,15,0,12,0,0,0,6690,0,12,0,1
62,0,0,1,0,0,0,0,3,0,14,0,41,0,0,0,9944,1,0,0,0
50,0,0,2,0,0,0,0,3,0,8,0,35,0,0,0,11280,0,0,0,0
124,0,0,6,4,1,0,0,1,0,43,1,74,0,5,0,5110,0,0,0,1
30,0,0,1,0,0,0,0,2,0,11,0,12,0,0,0,6936,0,0,0,0
70,0,0,3,0,1,0,0,1,0,21,0,14,27,10,0,-1,0,0,0,1
58,0,0,2,0,0,0,0,3,0,12,0,39,0,0,0,6652,1,0,0,0
78,0,0,3,0,1,0,0,2,0,15,0,19,36,6,0,8397,0,0,0,0
25,0,0,1,0,0,0,0,2,0,7,0,11,0,0,0,-1,0,0,0,0
38,0,0,1,0,0,0,0,1,0,11,0,6,13,2,0,7752,0,0,0,0
29,0,0,3,0,2,0,0,2,0,15,0,7,0,0,0,11053,0,0,0,0
30,0,0,1,0,0,0,0,1,0,10,0,13,0,0,0,10608,0,0,0,0
40,0,0,2,0,0,0,0,2,0,12,0,21,0,0,0,-1,0,0,0,1
53,0,0,2,0,0,0,0,1,0,17,0,29,0,0,0,7220,0,0,0,0
51,0,0,2,0,0,0,0,4,0,9,1,35,0,0,0,8233,0,0,0,1
40,0,0,2,0,0,0,0,1,0,17,0,16,0,0,0,-1,0,0,0,1
34,0,0,3,0,2,0,0,1,0,26,0,1,0,0,0,-1,0,0,0,1
93,0,0,4,0,1,0,0,3,0,30,0,45,10,2,1,-1,0,4,0,1
38,0,0,2,0,1,0,0,3,0,16,0,15,0,0,0,10945,0,0,0,0
38,0,0,2,0,1,0,0,2,0,10,0,21,0,0,0,10062,0,0,0,0
60,1,0,3,0,2,0,0,2,0,13,0,40,0,0,0,749,0,10,0,1
25,0,0,1,1,0,0,0,1,0,17,0,1,0,0,0,7854,0,0,0,0
58,0,0,2,0,0,0,0,1,0,23,0,8,19,4,0,8843,0,0,0,0
16,0,0,1,0,0,0,0,1,0,8,0,1,0,0,0,10090,0,0,0,0
85,0,0,2,0,0,0,0,6,0,9,0,69,0,0,0,5055,0,0,0,1
28,0,0,1,0,0,0,0,1,0,13,0,8,0,0,0,5468,0,0,0,1
54,0,0,2,0,1,0,0,5,0,19,0,28,0,0,0,244,0,0,0,1
46,0,0,2,0,0,0,0,3,0,13,1,26,0,0,0,-1,0,0,0,1
36,0,0,1,0,0,0,0,3,0,9,0,20,0,0,0,-1,0,0,0,1
42,0,0,3,0,1,0,0,1,0,16,0,19,0,0,0,11225,0,0,0,0
31,0,0,2,0,1,0,0,2,0,17,0,7,0,0,0,9643,0,0,0,0
45,0,0,1,0,0,0,0,2,0,11,0,27,0,0,0,11033,0,0,0,0
126,0,0,7,1,4,0,0,1,0,28,1,11,79,8,0,-1,0,0,0,1
33,0,0,1,0,0,0,0,1,0,20,0,6,0,0,0,1643,0,0,0,1
36,0,0,3,0,2,0,0,1,0,24,0,5,0,0,0,9597,0,0,0,0
86,0,0,4,0,2,0,0,5,0,43,1,36,0,0,0,4965,0,3,0,1
65,0,0,2,0,1,0,0,2,0,17,0,15,25,2,0,11433,0,0,0,0
32,0,0,1,0,0,0,0,2,0,14,0,11,0,0,0,8479,0,0,0,0
82,0,0,1,0,0,0,0,6,0,13,0,62,0,0,0,10396,0,0,0,0
28,0,0,1,0,0,0,0,1,0,10,0,11,0,0,0,-1,0,0,0,1
28,0,0,2,0,1,0,0,1,0,20,0,1,0,0,0,9723,0,0,0,1
44,0,0,1,0,0,0,0,2,0,12,0,25,0,0,0,11663,0,0,0,0
64,0,1,4,0,1,0,0,2,0,18,0,18,20,3,0,-1,0,0,0,1
30,0,0,1,0,0,0,0,1,0,22,0,1,0,0,0,2906,0,0,0,0
32,0,0,3,0,2,0,0,2,0,21,0,4,0,0,0,-1,0,1,0,1
41,0,0,2,0,0,0,0,2,0,11,0,23,0,0,0,7432,0,0,0,0
65,0,0,2,1,0,0,0,5,0,17,0,41,0,0,0,-1,0,0,0,1
32,0,0,3,0,2,0,0,1,0,24,0,1,0,0,0,8423,0,0,0,1
49,0,0,3,0,1,0,0,2,0,13,0,15,13,2,0,11531,0,0,0,0
74,0,0,1,0,0,0,0,3,0,18,0,49,0,0,0,7514,0,0,0,0
23,0,0,1,0,0,0,0,1,0,9,0,7,0,0,0,1523,0,0,0,0
35,0,0,3,0,2,0,0,2,0,20,0,8,0,0,0,14660,0,0,0,0
43,0,0,2,0,1,0,0,4,0,10,0,26,0,0,0,-1,0,0,0,1
68,0,0,3,0,2,0,0,2,0,20,0,15,25,2,0,11433,0,0,0,0
36,0,0,3,0,1,0,0,1,0,16,0,13,0,0,0,10185,0,0,0,0
90,0,0,3,1,1,0,0,3,0,24,0,59,0,0,0,9704,0,0,0,0
181,0,0,3,0,1,0,0,6,0,12,0,97,64,1,0,-1,0,0,0,1
33,0,0,2,0,1,0,0,1,0,25,0,1,0,0,0,-1,1,0,0,0
26,0,0,1,0,0,0,0,1,0,6,0,13,0,0,0,11369,0,0,0,0
26,0,0,2,1,1,0,0,1,0,18,0,1,0,0,0,-1,0,0,0,1
36,0,0,3,0,1,0,0,1,0,19,0,10,0,0,0,10600,0,0,0,0
27,0,0,2,0,0,0,0,1,0,11,0,9,0,0,0,-1,0,0,0,1
66,0,0,5,0,2,0,0,3,0,24,0,35,0,0,0,8372,0,4,0,1
55,0,0,2,0,0,0,0,1,0,15,0,33,0,0,0,8530,0,0,0,0
42,0,0,2,0,0,0,0,2,0,19,0,16,0,0,0,9248,0,0,0,0
40,0,0,2,0,0,0,0,1,0,17,0,16,0,0,0,-1,0,0,0,1
27,0,0,2,0,1,0,0,2,0,11,0,9,0,0,0,-1,0,0,0,0
22,0,0,1,0,0,0,0,2,0,7,0,8,0,0,0,7362,0,0,0,1
31,0,0,1,0,0,0,0,1,0,16,0,8,0,0,0,424,0,0,0,1
35,0,0,2,0,1,0,0,2,0,22,0,6,0,0,0,9732,1,0,0,0
60,0,0,1,0,0,0,0,5,0,14,0,39,0,0,0,-1,0,0,0,1
43,0,0,2,0,0,0,0,2,0,22,0,14,0,0,0,-1,0,0,0,1
41,1,0,4,0,2,0,0,2,0,13,0,21,0,0,0,-1,0,10,0,1
45,0,0,2,0,0,0,0,2,0,13,0,25,0,0,0,9493,0,0,0,0
54,0,0,3,0,2,0,0,2,0,26,0,21,0,0,0,-1,0,0,0,1
26,0,0,2,0,1,0,0,2,0,12,0,7,0,0,0,10451,0,0,0,0
30,0,0,1,0,0,0,0,1,0,15,0,8,0,0,0,6356,0,0,0,1
121,0,0,2,0,0,0,0,2,0,12,0,25,76,3,0,-1,0,0,0,1
67,0,0,2,0,1,0,0,2,0,14,0,46,0,0,0,8795,0,0,0,0
22,0,0,1,0,0,0,0,1,0,14,0,1,0,0,0,-1,0,0,0,1
69,0,0,3,2,1,0,0,1,0,51,0,11,0,0,0,5566,0,0,0,1
56,0,0,2,0,0,0,0,3,0,15,0,34,0,0,0,-1,0,0,0,0
32,0,0,2,1,1,0,1,0,0,25,0,0,0,0,0,-1,0,4,0,1
28,0,0,2,0,1,0,0,2,0,12,0,9,0,0,0,10555,0,0,0,0
197,0,0,3,1,1,0,0,1,0,44,0,13,132,16,0,-1,0,0,0,1
50,0,0,3,0,1,0,0,2,0,25,1,18,0,0,0,351,0,0,0,1
77,0,0,1,0,0,0,0,5,0,13,0,57,0,0,0,8879,0,0,0,0
77,0,0,3,0,2,0,0,5,0,30,0,40,0,0,0,11315,0,0,0,0
46,0,0,1,0,0,0,0,4,0,13,0,26,0,0,0,7407,0,0,0,0
60,0,0,2,0,0,0,0,3,0,20,0,33,0,0,0,6182,0,0,0,0
114,0,0,5,0,0,0,0,2,0,11,1,8,87,5,0,-1,0,3,0,1
22,0,0,1,0,0,0,0,2,0,12,0,3,0,0,0,11439,0,0,0,1
378,0,0,3,4,1,0,0,3,0,45,1,34,291,9,0,9200,0,11,0,1
27,0,0,1,0,0,0,0,1,0,13,0,7,0,0,0,8318,0,0,0,1
52,0,0,1,0,0,0,0,3,0,16,0,29,0,0,0,9909,0,0,0,0
37,0,0,2,1,1,0,0,1,0,29,1,1,0,0,0,-1,0,4,0,1
29,0,0,2,0,1,0,0,1,0,21,0,1,0,0,0,-1,0,0,0,1
30,0,0,1,0,0,0,0,1,0,11,0,12,0,0,0,9604,0,0,0,0
43,0,0,2,0,0,0,0,1,0,14,0,22,0,0,0,9702,0,1,0,0
71,0,0,2,0,0,0,0,4,0,18,0,46,0,0,0,-1,0,0,0,1
42,0,0,2,0,1,0,0,1,0,34,0,1,0,0,0,-1,1,0,0,0
93,0,0,1,0,0,0,0,1,0,11,0,75,0,0,0,-1,0,0,0,1
33,0,0,1,0,0,0,0,2,0,15,0,11,0,0,0,-1,0,0,0,1
49,0,0,4,0,3,0,0,3,0,22,0,20,0,0,0,-1,0,0,0,0
72,0,0,2,0,1,0,0,3,0,24,0,21,19,6,0,-1,0,0,0,0
44,0,0,2,0,0,0,0,2,0,16,0,21,0,0,0,5826,0,0,0,1
79,0,0,1,0,0,0,0,4,0,23,0,49,0,0,0,-1,0,0,0,1
115,0,0,3,0,1,0,0,5,0,14,1,94,0,6,0,961,0,2,0,1
45,0,0,3,1,1,0,0,1,0,22,0,16,0,0,0,9832,0,2,0,0
48,0,0,3,0,1,0,0,3,0,16,0,25,0,0,0,-1,0,2,0,1
52,0,0,3,0,1,0,0,1,0,24,0,21,0,0,0,-1,0,0,0,0
42,0,0,1,0,0,0,0,2,0,11,0,24,0,0,0,9450,0,0,0,0
38,0,0,1,0,0,0,0,1,0,11,0,6,13,2,0,7752,0,0,0,0
87,0,0,1,0,0,0,0,1,0,10,0,1,68,2,0,7160,0,0,0,0
41,0,0,1,0,0,0,0,4,0,8,0,26,0,0,0,9658,0,0,0,0
59,0,0,2,1,0,0,0,3,0,22,0,30,0,0,0,9516,0,0,0,0
41,0,0,2,0,0,0,0,2,0,8,0,26,0,0,0,11554,0,0,0,0
52,0,0,1,0,0,0,0,5,0,12,0,33,0,0,0,-1,0,0,0,1
61,0,0,3,1,2,0,0,1,0,27,0,9,17,2,0,-1,0,0,0,1
84,0,0,2,0,0,0,0,4,0,19,0,58,0,0,0,6793,0,0,0,0
36,0,0,3,0,0,0,0,1,0,13,0,8,7,2,0,-1,0,0,0,1
58,0,0,3,0,1,0,0,1,0,34,0,17,0,0,0,-1,0,2,0,1
45,0,0,2,0,0,0,0,5,0,15,1,23,0,0,0,618,0,0,0,1
65,0,0,2,0,1,0,0,3,0,21,0,37,0,0,0,9965,1,1,0,0
17,0,0,1,0,0,0,0,0,0,10,0,0,0,0,0,-1,0,3,0,1
64,0,0,1,0,0,0,0,3,0,16,0,41,0,0,0,7232,0,0,0,0
46,0,0,2,0,0,0,0,3,0,12,0,27,0,0,0,8588,0,0,0,0
232,0,0,6,0,1,0,0,4,0,28,1,56,0,9,0,6550,0,2,0,1
26,0,0,1,0,0,0,0,1,0,18,0,1,0,0,0,6412,0,0,0,0
102,0,0,1,0,0,0,0,4,0,18,0,77,0,0,0,7934,0,0,0,0
28,0,0,1,0,0,0,0,2,0,10,0,11,0,0,0,10123,0,0,0,0
36,0,0,2,1,0,0,0,2,0,14,0,15,0,0,0,-1,0,0,0,1
95,0,0,6,0,1,0,0,2,0,15,1,4,68,5,0,720,0,0,0,1
18,0,0,1,0,0,0,0,1,0,10,0,1,0,0,0,6600,0,0,0,0
50,0,0,1,0,0,0,0,3,0,12,0,31,0,0,0,11232,0,0,0,0
64,0,0,2,0,0,0,0,3,0,25,0,32,0,0,0,8490,0,0,0,0
46,0,0,2,0,0,0,0,2,0,12,0,27,0,0,1,-1,0,0,0,1
44,0,0,2,0,0,0,0,1,0,18,0,19,0,0,0,10146,0,0,0,0
54,0,0,2,0,0,0,0,2,0,22,0,25,0,0,0,10036,0,0,0,0
26,0,0,1,0,0,0,0,1,0,18,0,1,0,0,0,9576,0,0,0,0
86,0,0,1,0,0,0,0,9,0,9,0,70,0,0,0,10779,0,0,0,0
38,0,0,2,0,0,0,0,1,0,12,0,12,6,2,0,11167,0,0,0,0
31,0,0,2,0,0,0,0,1,0,14,0,10,0,0,0,9132,0,0,0,0
99,0,0,3,0,0,0,0,8,0,20,0,72,0,0,1,2535,0,0,0,1
34,0,0,1,0,0,0,0,3,0,12,0,15,0,0,0,8253,0,0,0,0
19,0,0,1,0,0,0,0,1,0,11,0,1,0,0,0,7830,0,0,0,0
29,0,0,1,0,0,0,0,1,0,21,0,1,0,0,0,-1,0,0,0,0
80,0,0,2,0,0,0,0,5,0,16,0,57,0,0,0,9556,0,0,0,0
44,0,0,3,0,1,0,0,1,0,26,0,11,0,0,0,9885,0,0,0,0
70,0,0,1,0,0,0,0,3,0,8,0,55,0,2,0,8362,0,0,0,0
57,0,0,1,0,0,0,0,2,0,21,0,29,0,0,0,9368,0,0,0,0
25,1,0,3,0,2,0,1,0,0,18,0,0,0,0,0,-1,0,14,0,1
27,0,0,1,0,0,0,0,1,0,14,0,6,0,0,0,-1,0,0,0,1
45,0,0,2,0,1,0,0,2,0,16,0,22,0,2,0,9246,0,0,0,0
28,0,0,1,0,0,0,0,1,0,20,0,1,0,0,0,11015,0,0,0,0
99,0,0,1,0,0,0,0,3,0,12,0,80,0,0,0,10124,0,0,0,0
39,0,0,1,0,0,0,0,1,0,20,0,12,0,0,0,2543,0,0,0,1
43,0,0,1,0,0,0,0,2,0,11,0,25,0,0,0,11240,0,0,0,0
34,0,0,2,0,1,0,0,2,0,13,0,14,0,0,0,-1,0,0,0,0
258,0,0,14,0,0,0,0,4,0,16,0,35,174,23,0,7224,0,0,0,1
56,0,0,2,0,0,0,0,4,0,15,0,34,0,0,0,-1,0,0,0,1
46,0,0,2,0,1,0,0,2,0,16,0,23,0,0,0,9246,0,0,0,0
125,0,0,2,0,0,0,0,6,0,7,0,111,0,0,0,10452,0,0,0,0
78,0,0,3,0,1,0,0,3,0,22,0,49,0,0,0,-1,1,0,0,0
38,0,0,1,0,0,0,0,2,0,10,0,21,0,0,0,8260,0,0,0,0
37,0,0,1,0,0,0,0,1,0,18,1,12,0,0,0,-1,0,0,0,1
50,0,0,2,1,0,0,0,3,0,22,0,21,0,0,0,9516,0,0,0,0
797,0,0,13,0,2,0,0,1,0,17,0,3,769,65,0,6555,0,1,0,1
92,0,0,2,0,0,0,0,3,0,13,0,72,0,0,0,208,0,0,0,0
41,0,0,2,0,1,0,0,2,0,16,0,18,0,0,0,9246,0,0,0,0
35,0,0,4,0,2,0,0,1,0,17,1,11,0,0,0,-1,0,0,0,1
24,0,0,1,0,0,0,0,1,0,16,0,1,0,0,0,-1,0,0,0,0
29,0,0,1,0,0,0,0,2,0,10,0,12,0,0,0,10936,0,0,0,0
23,0,0,1,0,0,0,0,1,0,15,0,1,0,0,0,-1,0,0,0,0
58,0,0,3,1,1,0,0,2,0,25,0,26,0,0,0,3461,0,3,0,1
265,0,0,13,0,0,0,0,5,0,12,0,36,209,22,0,-1,0,0,0,1
50,0,0,3,0,1,0,0,2,0,19,0,14,9,2,0,11525,0,0,0,0
41,0,0,1,0,0,0,0,3,0,10,0,24,0,0,0,11511,0,0,0,0
32,0,0,1,0,0,0,0,3,0,8,0,17,0,0,0,11081,0,0,0,0
25,0,0,1,0,0,0,0,1,0,12,0,6,0,0,0,7595,0,0,0,1
70,0,0,2,0,1,0,0,7,0,19,0,44,0,0,0,8575,1,3,0,1
51,0,0,1,0,0,0,0,2,0,21,0,23,0,0,0,9368,0,0,0,0
25,0,0,1,0,0,0,0,1,0,9,0,9,0,0,0,7814,0,0,0,0
49,0,0,1,2,0,0,0,2,0,19,0,23,0,0,0,-1,0,0,0,0
53,0,0,2,0,1,0,0,6,0,11,0,35,0,0,0,10346,0,0,0,0
107,0,0,2,0,1,0,0,3,0,20,0,80,0,0,0,11677,1,0,0,0
135,0,0,2,0,1,0,0,4,0,15,1,27,85,6,0,-1,0,0,0,1
64,0,0,2,0,0,0,0,2,0,13,0,28,15,1,0,-1,0,0,0,1
16,0,0,1,0,0,0,0,1,0,8,0,1,0,0,0,10825,0,0,0,0
41,0,0,3,0,1,0,0,1,0,22,1,12,0,0,0,11162,0,0,0,1
28,0,0,1,0,0,0,0,1,0,10,0,11,0,0,0,7462,0,0,0,0
24,0,0,1,0,0,0,0,1,0,11,0,6,0,0,0,6612,0,0,0,0
65,0,0,2,1,1,0,0,2,0,29,0,29,0,0,0,9536,0,0,0,0
64,0,0,1,0,0,0,0,2,0,15,0,42,0,0,0,10990,0,0,0,0
35,0,0,2,0,1,0,0,2,0,17,0,11,0,0,0,11000,0,0,0,0
57,0,0,4,0,1,0,0,4,0,20,0,30,0,0,0,-1,0,0,0,1
25,0,0,1,0,0,0,0,1,0,11,0,7,0,0,0,312,0,0,0,1
27,0,0,3,0,2,0,0,1,0,19,0,1,0,0,0,-1,0,0,0,0
103,0,0,1,0,0,0,0,4,0,14,0,82,0,0,0,6691,0,0,0,0
30,0,0,1,0,0,0,0,1,0,22,0,1,0,0,0,8766,0,0,0,0
41,0,0,2,0,0,0,0,1,0,10,0,10,13,2,0,6409,0,0,0,1
42,0,0,1,0,0,0,0,3,0,21,0,14,0,0,0,8162,0,0,0,1
74,0,0,2,0,0,0,0,9,0,12,0,55,0,0,0,-1,0,0,0,1
34,0,0,1,0,0,0,0,1,0,26,0,1,0,0,0,453,0,0,0,0
138,0,0,2,0,0,0,0,1,0,16,0,10,104,8,0,7869,0,0,0,0
24,0,0,1,0,0,0,0,1,0,16,0,1,0,0,0,6733,0,0,0,0
91,0,0,1,0,0,0,0,2,0,17,0,8,58,11,0,6666,0,0,0,0
22,0,0,1,0,0,0,0,1,0,14,0,1,0,0,0,9740,0,0,0,0
59,0,0,1,0,0,0,0,2,0,10,0,42,0,0,0,8508,0,0,0,0
47,0,0,2,0,0,0,0,2,0,19,0,21,0,0,0,-1,0,0,0,1
51,0,0,2,0,0,0,0,1,0,12,0,11,20,2,0,10442,0,0,0,0
60,0,0,1,0,0,0,0,3,0,10,0,43,0,0,0,11511,0,0,0,0
32,0,0,1,0,0,0,0,1,0,17,0,8,0,0,0,-1,0,0,0,1
34,0,0,2,0,0,0,0,1,0,12,0,15,0,0,0,-1,0,0,0,1
74,0,0,2,0,0,0,0,3,0,24,0,43,0,0,0,7513,0,0,0,0
59,0,0,1,0,0,0,0,3,0,10,0,42,0,2,0,11511,0,0,0,0
53,0,0,2,0,0,0,0,4,0,10,0,36,0,0,0,9837,1,0,0,0
122,0,0,2,0,0,0,0,1,0,15,0,100,0,0,0,9908,0,0,0,0
27,0,0,3,0,2,0,0,0,0,20,0,0,0,0,0,10507,1,0,0,1
82,0,0,1,0,0,0,0,4,0,29,0,46,0,1,0,8364,0,0,0,1
72,0,0,4,2,1,0,0,2,0,41,0,24,0,0,1,6621,0,0,0,1
61,0,0,1,0,0,0,0,4,0,11,0,43,0,0,0,9845,0,0,0,0
29,0,0,1,0,0,0,0,2,0,12,0,10,0,0,0,572,0,0,0,1
60,0,0,2,0,0,0,0,5,0,12,1,28,12,2,0,-1,0,8,0,1
45,0,0,2,0,1,0,0,2,0,16,0,22,0,0,0,12218,0,0,0,0
27,0,0,1,0,0,0,0,1,0,19,0,1,0,0,0,7029,0,0,0,0
39,0,0,1,0,0,0,0,2,0,13,0,19,0,0,0,1849,0,3,0,0
31,0,0,1,0,0,0,0,1,0,16,0,8,0,0,0,227,0,0,0,1
81,0,0,3,0,1,0,0,2,0,17,0,57,0,0,0,11433,0,0,0,0
29,0,0,1,0,0,0,0,1,0,10,0,12,0,0,0,10608,0,0,0,0
71,0,0,1,0,0,0,0,6,0,18,0,46,0,0,0,9335,0,0,0,1
52,0,0,1,0,0,0,0,1,0,17,0,8,19,2,0,-1,0,0,0,1
45,0,0,2,0,0,0,0,4,0,6,0,32,0,0,0,9335,0,0,0,0
49,0,0,2,0,0,0,0,3,0,10,0,28,3,2,0,-1,0,0,0,1
30,0,0,2,0,1,0,0,2,0,14,0,9,0,0,0,-1,0,3,0,1
38,0,0,4,0,2,0,0,1,0,18,0,13,0,0,0,11450,0,0,0,0
32,0,0,3,1,1,0,0,1,0,16,0,9,0,0,0,-1,0,0,0,1
37,1,0,4,0,2,0,0,2,0,15,0,15,0,0,0,-1,0,12,0,1
30,0,0,1,0,0,0,0,1,0,11,0,12,0,0,0,11033,0,0,0,0
31,0,0,1,0,0,0,0,1,0,17,0,7,0,0,0,5180,0,0,0,1
54,0,0,2,0,0,0,0,4,0,19,1,20,7,2,0,-1,0,0,0,1
44,0,0,1,0,0,0,0,2,0,11,0,26,0,0,0,11240,0,0,0,0
44,0,0,3,0,1,0,0,2,0,18,0,19,0,0,0,-1,0,0,0,1
108,0,0,5,0,1,0,0,2,0,13,1,5,82,7,0,3169,0,0,0,1
45,0,0,2,1,0,0,0,2,0,19,0,19,0,0,0,-1,0,0,0,1
24,0,0,1,0,0,0,0,1,0,10,0,7,0,0,0,-1,0,0,0,1
76,0,0,1,0,0,0,0,2,0,15,0,54,0,0,0,7828,0,0,0,0
38,0,0,1,0,0,0,0,1,0,11,0,6,13,2,0,7752,0,0,0,0
37,0,0,1,0,0,0,0,2,0,13,0,17,0,0,0,1849,0,3,0,0
17,0,0,1,0,0,0,0,1,0,8,0,2,0,0,0,-1,0,0,0,1
47,0,0,1,0,0,0,0,1,0,16,0,24,0,0,0,9548,0,0,0,0
42,0,0,1,0,0,0,0,3,0,24,0,11,0,0,0,7175,0,0,0,1
114,0,0,3,0,1,0,0,4,0,16,0,30,60,6,0,7879,0,0,0,1
32,0,0,1,1,0,0,0,1,0,16,0,9,0,0,0,7248,0,0,0,1
45,0,0,2,0,0,0,0,4,0,8,0,30,0,0,0,11473,0,0,0,0
43,0,0,1,0,0,0,0,2,0,20,0,16,0,0,0,-1,0,0,0,0
55,0,0,1,0,0,0,0,2,0,8,0,40,0,0,0,8183,0,0,0,0
62,0,0,1,0,0,0,0,2,0,12,0,43,0,0,0,7693,0,0,0,0
34,0,0,2,0,1,0,0,2,0,14,0,13,0,0,0,11381,0,0,0,0
27,0,0,1,0,0,0,0,1,0,14,0,6,0,0,0,-1,0,2,0,1
54,0,0,2,0,0,0,0,3,0,19,1,20,7,2,0,5617,0,0,0,1
71,0,0,3,0,1,0,0,5,0,25,0,39,0,0,0,11916,0,0,0,0
64,0,0,1,0,0,0,0,3,0,10,0,47,0,0,0,11511,0,0,0,0
43,0,0,2,0,1,0,0,3,0,17,0,19,0,0,0,10067,0,0,0,0
26,0,0,1,0,0,0,0,1,0,12,0,7,0,0,0,7517,0,0,0,1
37,0,0,2,0,0,0,0,2,0,14,0,16,0,0,0,10363,0,0,0,1
36,0,0,2,0,0,0,0,1,0,11,0,18,0,0,0,10077,0,0,0,0
85,0,0,3,0,0,0,0,4,0,24,0,54,0,0,1,4386,0,0,0,1
252,0,0,3,0,1,0,0,8,0,11,0,89,144,2,0,10126,0,0,0,1
249,0,0,2,0,1,0,0,2,0,24,0,5,212,4,0,-1,0,0,0,1
39,0,0,1,0,0,0,0,2,0,10,0,22,0,0,0,8260,0,0,0,0
46,0,0,2,0,1,0,0,4,0,10,0,29,0,0,0,11629,0,1,0,0
29,0,0,1,0,0,0,0,2,0,13,0,9,0,0,0,251,0,0,0,1
63,0,0,1,0,0,0,0,2,0,9,0,26,20,2,0,8840,0,0,0,0
85,0,0,2,0,0,0,0,3,0,21,0,57,0,0,0,8182,1,0,0,0
57,0,0,3,0,1,0,0,5,0,16,1,34,0,0,0,-1,0,0,0,1
72,0,0,3,0,1,0,0,1,0,20,0,45,0,0,0,8101,1,0,0,0
49,0,0,2,0,0,0,0,2,0,15,0,21,5,2,0,10635,0,0,0,0
38,0,0,2,0,0,0,0,3,0,12,0,19,0,0,0,3293,0,0,0,1
53,0,0,3,0,1,0,0,2,0,35,0,11,0,0,0,-1,0,3,0,1
72,0,0,1,0,0,0,0,2,0,12,0,14,38,6,0,-1,0,0,0,1
45,0,0,2,0,1,0,0,1,0,25,0,13,0,0,0,-1,0,0,0,1
74,0,0,3,5,2,0,0,1,0,66,1,1,0,0,0,-1,0,6,0,1
38,0,0,1,0,0,0,0,1,0,11,0,6,13,2,0,7752,0,0,0,0
71,0,0,2,0,0,0,0,6,0,12,0,52,0,0,0,6596,0,0,0,1
67,0,0,2,0,0,0,0,2,0,15,0,28,16,2,0,-1,0,0,0,0
67,0,0,2,0,1,0,0,2,0,16,0,44,0,0,0,10945,0,0,0,0
25,0,0,1,0,0,0,0,0,0,18,0,0,0,0,0,-1,0,0,0,1
101,0,0,5,0,1,0,0,4,0,22,1,45,26,4,0,-1,0,0,0,1
47,0,0,2,0,0,0,0,1,0,15,0,25,0,0,0,8799,0,0,0,0
44,0,0,1,0,0,0,0,1,0,21,0,16,0,0,0,8373,0,0,0,0
47,0,0,2,0,0,0,0,1,0,11,0,29,0,0,0,9138,0,3,0,0
48,0,0,4,0,0,0,0,3,0,11,0,30,0,0,0,9651,0,0,0,0
45,0,0,2,0,0,0,0,1,0,15,0,23,0,2,0,6726,0,0,0,0
32,0,0,2,0,1,0,0,1,0,24,0,1,0,0,0,7407,0,2,0,0
68,0,0,2,0,0,0,0,3,0,14,0,47,0,0,0,11055,0,0,0,0
64,0,0,1,0,0,0,0,4,0,26,0,31,0,0,0,6980,0,0,0,0
30,0,0,1,0,0,0,0,1,0,16,0,7,0,0,0,1187,0,0,0,1
48,0,0,1,0,0,0,0,2,0,18,0,8,14,2,0,9852,0,0,0,0
51,0,0,2,0,0,0,0,4,0,11,0,33,0,0,0,9431,0,0,0,0
49,0,0,2,0,0,0,0,1,0,12,0,22,7,2,0,10632,0,0,0,0
30,1,0,3,0,2,0,0,1,0,14,0,9,0,0,0,7911,0,11,0,1
42,0,0,2,0,1,0,0,1,0,23,0,1,10,2,0,8156,0,0,0,0
26,0,0,1,0,0,0,0,1,0,18,0,1,0,0,0,-1,0,0,0,0
45,0,0,2,2,1,0,0,1,0,32,0,6,0,0,0,3690,0,4,0,1
53,0,0,2,0,0,0,0,4,0,19,0,27,0,0,0,6683,0,0,0,0
115,0,0,3,0,0,0,0,4,0,12,0,25,70,9,0,6986,0,0,0,1
155,0,0,2,0,0,0,0,12,0,13,0,135,0,1,0,5310,0,2,0,1
120,0,0,2,0,0,0,0,1,0,15,0,98,0,0,0,9908,0,0,0,0
49,0,0,2,0,1,0,0,4,0,17,0,20,0,0,0,-1,0,0,0,0
47,0,0,1,0,0,0,0,3,0,12,0,28,0,0,0,10632,0,0,0,0
44,0,0,2,0,0,0,0,2,0,12,0,25,0,0,0,5727,0,1,0,0
35,0,0,2,0,0,0,0,1,0,14,0,14,0,0,0,-1,0,3,0,0
37,0,0,1,0,0,0,0,3,0,20,0,10,0,0,0,5464,0,0,0,1
28,0,0,2,0,1,0,0,1,0,12,0,9,0,0,0,8892,0,0,0,1
122,0,0,1,0,0,0,0,4,0,20,0,95,0,0,0,316,0,0,0,0
18,0,0,1,0,0,0,0,0,0,11,0,0,0,0,0,-1,0,4,0,1
93,0,0,1,0,0,0,0,4,0,12,0,74,0,1,0,-1,0,0,0,1
41,0,0,1,0,0,0,0,2,0,9,0,4,20,3,0,287,0,0,0,1
68,0,0,2,0,1,0,0,2,0,18,0,43,0,0,0,-1,0,0,0,1
73,0,0,2,0,0,0,0,3,0,18,0,25,22,2,0,5745,0,0,0,0
30,0,0,1,0,0,0,0,1,0,22,0,1,0,0,0,-1,0,0,0,0
35,0,0,1,0,0,0,0,1,0,14,0,14,0,0,0,9485,0,0,0,0
125,0,0,1,6,0,0,0,1,0,32,0,1,84,9,0,-1,0,0,0,1
37,0,0,2,1,1,0,0,1,0,29,1,1,0,0,0,-1,0,4,0,1
73,0,0,1,0,0,0,0,5,0,19,1,47,0,0,0,4436,0,0,0,1
33,0,0,1,0,0,0,0,1,0,17,0,9,0,0,0,-1,0,3,0,1
30,0,0,3,0,1,0,0,1,0,16,0,7,0,0,0,-1,0,0,0,1
71,0,0,1,0,0,0,0,1,0,11,0,6,46,6,0,7752,0,0,0,0
50,0,0,2,0,0,0,0,3,0,12,0,31,0,0,0,8627,0,0,0,1
36,0,0,2,0,0,0,0,1,0,14,0,15,0,0,0,-1,0,0,0,1
78,0,0,1,0,0,0,0,4,0,19,0,52,0,0,0,558,0,0,0,1
32,0,0,2,0,1,0,0,1,0,17,0,8,0,0,0,4637,0,0,0,1
41,0,0,2,0,0,0,0,3,0,10,0,24,0,0,0,-1,0,0,0,1
45,0,0,2,0,1,0,0,3,0,17,0,21,0,0,0,10067,0,0,0,0
36,0,0,1,1,0,0,0,2,0,18,0,11,0,0,0,7352,0,0,0,1
31,0,0,1,0,0,0,0,1,0,17,0,7,0,0,0,-1,0,0,0,1
52,0,0,2,0,1,0,0,2,0,16,0,4,24,1,0,-1,0,5,0,1
55,0,0,1,0,0,0,0,3,0,10,0,38,0,0,0,11511,0,0,0,0
62,0,0,2,0,0,0,0,3,0,10,0,45,0,0,0,7406,0,0,0,0
64,0,0,3,0,1,0,0,5,0,10,0,47,0,0,0,-1,1,0,0,1
29,0,0,1,0,0,0,0,1,0,13,0,9,0,0,0,-1,0,0,0,1
54,0,0,3,0,0,0,0,2,0,11,1,8,27,2,0,5404,0,3,0,1
79,0,0,2,0,1,0,0,6,0,14,0,58,0,0,0,9387,0,0,0,1
45,0,0,3,0,0,0,0,2,0,15,0,23,0,0,0,8347,0,0,0,1
38,0,0,4,0,2,0,0,2,0,17,0,14,0,0,0,-1,0,0,0,0
49,0,0,3,0,1,0,0,2,0,25,0,17,0,0,0,148,0,0,0,1
61,1,0,3,0,2,0,0,2,0,14,0,40,0,0,0,-1,0,11,0,1
31,0,0,1,0,0,0,0,4,0,10,0,14,0,0,0,-1,0,0,0,1
37,0,0,2,0,1,0,0,1,0,21,0,9,0,0,0,-1,0,0,0,1
54,0,0,3,0,1,0,0,3,0,22,0,25,0,0,0,5534,0,1,0,1
51,0,0,2,0,0,0,0,1,0,17,0,27,0,0,0,9207,0,0,0,0
65,0,0,1,0,0,0,0,6,0,11,0,47,0,0,0,7975,0,0,0,0
76,0,0,1,0,0,0,0,2,0,13,0,56,0,0,0,7249,0,0,0,0
218,0,0,14,0,13,0,0,2,0,177,1,34,0,0,0,-1,0,31,0,1
73,0,0,2,0,0,0,0,2,0,18,0,22,25,1,0,8599,0,0,0,0
49,0,0,1,0,0,0,0,2,0,15,0,27,0,0,0,10990,0,0,0,0
65,0,0,2,0,0,0,0,1,0,19,0,11,27,2,0,7044,0,0,0,0
105,0,0,6,0,1,0,0,2,0,18,1,4,75,5,0,5964,0,0,0,1
79,0,0,2,0,1,0,0,4,0,25,0,47,0,0,0,11229,0,0,0,0
39,0,0,2,1,0,0,0,2,0,19,0,13,0,0,0,4468,0,0,0,1
75,0,0,1,0,0,0,0,3,0,10,0,58,0,0,0,11727,0,0,0,0
40,0,0,2,0,1,0,0,3,0,13,0,20,0,0,0,10539,0,0,0,0
64,0,0,2,0,0,0,0,1,0,15,0,10,31,4,0,9726,0,0,0,0
54,1,0,4,0,2,0,0,3,0,14,1,20,12,2,0,-1,0,11,0,1
25,1,0,3,0,2,0,0,2,0,12,0,6,0,0,0,-1,0,9,0,1
34,1,0,4,0,2,0,0,2,0,12,0,15,0,0,0,-1,0,9,0,1
134,0,0,3,0,0,0,0,5,0,14,0,113,0,0,0,10907,0,0,0,0
29,0,0,1,0,0,0,0,1,0,11,0,11,0,0,0,9604,0,0,0,0
105,0,0,2,0,1,0,1,3,0,35,0,63,0,0,0,-1,0,5,0,1
24,1,0,3,0,2,0,1,0,0,17,0,0,0,0,0,-1,0,13,0,1
81,0,0,2,0,1,0,0,7,0,11,0,63,0,0,0,10346,0,0,0,0
52,0,0,1,0,0,0,0,3,0,12,0,33,0,0,0,11232,0,0,0,0
25,1,0,3,0,2,0,1,0,0,18,0,0,0,0,0,-1,0,14,0,1
43,0,0,2,0,0,0,0,3,0,14,0,22,0,0,0,9628,0,0,0,1
50,0,0,1,0,0,0,0,3,0,12,0,31,0,0,0,11232,0,0,0,0
28,0,0,1,1,0,0,0,1,0,20,0,1,0,0,0,-1,0,0,0,1
34,0,0,1,0,0,0,0,1,0,11,0,16,0,0,0,9604,0,0,0,0
63,0,0,3,0,2,0,0,4,0,18,0,27,10,2,0,10346,0,0,0,0
90,0,0,2,0,1,0,0,2,0,21,0,62,0,0,0,11520,0,0,0,0
29,0,0,2,0,1,0,0,1,0,16,0,6,0,0,0,-1,0,2,0,1
108,0,0,3,0,1,0,0,5,0,20,1,81,0,0,0,-1,0,0,0,1
62,0,0,1,0,0,0,0,5,0,13,0,42,0,0,0,11862,0,0,0,0
60,0,0,1,0,0,0,0,3,0,12,0,41,0,0,0,6204,0,0,0,0
81,0,0,2,0,0,0,0,1,0,11,0,14,48,8,0,11172,0,0,0,0
37,0,0,1,0,0,0,0,3,0,12,0,18,0,0,0,917,0,0,0,1
